run_number,timestamp,run_type,target_type,comment,deadtime_fraction,total_events,run_time_seconds,beam_energy_MeV,beam_current_uA,momentum_RHRS_MeV,momentum_LHRS_MeV
5006,2019-03-19T05:15:21,Production,Tungsten 2.8%,"Pr=2.8% W, 50 uA ps1=ps2=30000; ps3=ps4=15000,ps5=1500,ps6=1,ps7=ps8=0",0.07680,5303813,2077.50,2137.74,0.0559014,1000.00,0.00
5004,2019-03-19T04:31:12,Production,Tungsten 2.8%,"Pr=2.8% W, 50 uA ps1=ps2=30000; ps3=ps4=15000,ps5=1500,ps6=1,ps7=ps8=0",0.07080,7441301,3063.84,2137.74,0.0556555,1000.00,0.00
5003,2019-03-18T14:25:37,Cosmics,Tungsten 2.8%,SciFi test,1.00000,121,8.34,2138.14,0.0559454,1000.00,0.00
5002,2019-03-18T14:20:48,Cosmics,Tungsten 2.8%,SciFi test,1.00000,523,33.48,2138.14,0.055934,1000.00,0.00
5001,2019-03-18T14:14:58,Cosmics,Tungsten 2.8%,SciFi test,0.03278,7021,466.32,2138.14,0.0559226,1000.00,0.00
5000,2019-03-18T14:04:48,Cosmics,Tungsten 2.8%,SciFi test,1.00000,300,21.48,2138.14,0.0557699,1000.00,0.00
4999,2019-03-18T13:50:17,Cosmics,Tungsten 2.8%,SciFi test,1.00000,6,25.56,2138.14,0.0555824,1000.00,0.00
4998,2019-03-18T08:08:26,Production,Tungsten 2.8%,"Pr=2.8% W, 50 uA ps1=ps2=30000; ps3=ps4=15000,ps5=1500,ps6=1,ps7=ps8=0",0.09781,6172687,1826.10,2137.8,22.139,1000.00,0.00
4997,2019-03-18T07:36:05,Production,Tungsten 2.8%,"Pr=2.8% W, 50 uA ps1=ps2=30000; ps3=ps4=15000,ps5=1500,ps6=1,ps7=ps8=0",0.09759,7768518,2360.46,2138.14,0.0557187,1000.00,0.00
4996,2019-03-18T06:55:54,Production,Tungsten 2.8%,"Pr=2.8% W, 50 uA ps1=ps2=30000; ps3=ps4=15000,ps5=1500,ps6=1,ps7=ps8=0",0.00651,8126822,2214.78,2137.75,54.6737,1000.00,0.00
4995,2019-03-18T06:17:53,Production,Tungsten 2.8%,"Pr=2.8% W, 50 uA ps1=ps2=30000; ps3=ps4=15000,ps5=1500,ps6=1,ps7=ps8=0",0.09292,9240916,2857.86,2137.8,53.3369,1000.00,0.00
4994,2019-03-18T05:29:19,Production,Tungsten 2.8%,"Pr=2.8% W, 50 uA ps1=ps2=30000; ps3=ps4=15000,ps5=1500,ps6=1,ps7=ps8=0",0.00419,8227413,2278.86,2137.97,52.9441,1000.00,0.00
4993,2019-03-18T04:49:34,Production,Tungsten 2.8%,"Pr=2.8% W, 50 uA ps1=ps2=30000; ps3=ps4=15000,ps5=1500,ps6=1,ps7=ps8=0",0.00858,8105934,2178.48,2138.14,0.0559543,1000.00,0.00
4992,2019-03-18T04:12:18,Production,Tungsten 2.8%,"Pr=2.8% W, 50 uA ps1=ps2=30000; ps3=ps4=15000,ps5=1500,ps6=1,ps7=ps8=0",0.00361,8973168,2535.12,2137.73,53.2111,1000.00,0.00
4991,2019-03-18T03:29:07,Production,Tungsten 2.8%,"Pr=2.8% W, 50 uA ps1=ps2=30000; ps3=ps4=15000,ps5=1500,ps6=1,ps7=ps8=0",0.09861,8629965,2539.20,2138.01,53.3934,1000.00,0.00
4990,2019-03-18T02:45:43,Production,Tungsten 2.8%,"Pr=2.8% W, 50 uA ps1=ps2=30000; ps3=ps4=15000,ps5=1500,ps6=1,ps7=ps8=0",0.00909,9748774,2598.12,2137.84,53.4073,1000.00,0.00
4989,2019-03-18T02:01:17,Production,Tungsten 2.8%,"Pr=2.8% W, 50 uA ps1=ps2=30000; ps3=ps4=15000,ps5=1500,ps6=1,ps7=ps8=0",0.00800,8341080,2294.64,2137.75,53.7051,1000.00,0.00
4988,2019-03-18T01:21:46,Production,Tungsten 2.8%,"Pr=2.8% W, 50 uA ps1=ps2=30000; ps3=ps4=15000,ps5=1500,ps6=1,ps7=ps8=0",0.00987,8657838,2300.28,2137.86,53.0918,1000.00,0.00
4987,2019-03-18T00:42:09,Production,Tungsten 2.8%,"Pr=2.8% W, 50 uA ps1=ps2=30000; ps3=ps4=15000,ps5=1500,ps6=1,ps7=ps8=0",0.00451,12722147,3536.10,2137.71,53.3697,1000.00,0.00
4986,2019-03-17T23:42:18,Production,Tungsten 2.8%,"Pr=2.8% W, 50 uA ps1=ps2=30000; ps3=ps4=15000,ps5=1500,ps6=1,ps7=ps8=0",0.09804,8007373,2379.12,2137.76,53.9801,1000.00,0.00
4985,2019-03-17T23:01:46,Production,Tungsten 2.8%,"Pr=2.8% W, 50 uA ps1=ps2=30000; ps3=ps4=15000,ps5=1500,ps6=1,ps7=ps8=0",0.00295,10473903,2964.66,2137.8,53.2661,1000.00,0.00
4984,2019-03-17T22:11:29,Production,Tungsten 2.8%,"Pr=2.8% W, 50 uA ps1=ps2=30000; ps3=ps4=15000,ps5=1500,ps6=1,ps7=ps8=0",0.07310,10174251,4058.64,2137.69,53.5905,1000.00,0.00
4983,2019-03-17T21:02:59,Production,Tungsten 2.8%,"Pr=2.8% W, 50 uA ps1=ps2=30000; ps3=ps4=15000,ps5=1500,ps6=1,ps7=ps8=0",0.09914,8369574,2457.12,2136.64,53.7052,1000.00,0.00
4982,2019-03-17T20:21:13,Production,Tungsten 2.8%,"Pr=2.8% W, 50 uA ps1=ps2=30000; ps3=ps4=15000,ps5=1500,ps6=1,ps7=ps8=0",0.09955,8077159,2363.22,2136.81,52.5229,1000.00,0.00
4981,2019-03-17T19:40:53,Production,Tungsten 2.8%,"Pr=2.8% W, 50 uA ps1=ps2=30000; ps3=ps4=15000,ps5=1500,ps6=1,ps7=ps8=0",0.09752,9049411,2698.38,2136.95,54.0083,1000.00,0.00
4980,2019-03-17T18:55:09,Production,Tungsten 2.8%,"Pr=2.8% W, 50 uA ps1=ps2=30000; ps3=ps4=15000,ps5=1500,ps6=1,ps7=ps8=0",0.09837,8730746,2582.22,2138.14,0.0557487,1000.00,0.00
4979,2019-03-17T18:11:07,Production,Tungsten 2.8%,"Pr=2.8% W, 50 uA ps1=ps2=30000; ps3=ps4=15000,ps5=1500,ps6=1,ps7=ps8=0",0.07489,8242222,3185.28,2137.52,53.5697,1000.00,0.00
4978,2019-03-17T17:17:15,Production,Tungsten 2.8%,"Pr=2.8% W, 50 uA ps1=ps2=30000; ps3=ps4=15000,ps5=1500,ps6=1,ps7=ps8=0",0.00226,8767460,2518.50,2137.73,53.7669,1000.00,0.00
4977,2019-03-17T16:34:14,Production,Tungsten 2.8%,"Pr=2.8% W, 50 uA ps1=ps2=30000; ps3=ps4=15000,ps5=1500,ps6=1,ps7=ps8=0",0.09962,10278165,2980.68,2137.78,54.0453,1000.00,0.00
4976,2019-03-17T15:43:45,Production,Tungsten 2.8%,"Pr=2.8% W, 50 uA ps1=ps2=30000; ps3=ps4=15000,ps5=1500,ps6=1,ps7=ps8=0",0.09074,7696123,2443.62,2137.77,53.9002,1000.00,0.00
4975,2019-03-17T14:19:52,Cosmics,HOME,"Cosmics. ps1=1, ps4=1",0.00040,25912,2604.30,2138.14,0.0556944,1000.00,0.00
4974,2019-03-17T13:33:47,Cosmics,HOME,"Cosmics. ps1=1, ps4=1",0.00040,24527,2485.50,2138.14,0.0556773,1000.00,0.00
4973,2019-03-17T12:50:02,Cosmics,HOME,"Cosmics. ps1=1, ps4=1",0.00040,10824,1092.96,2138.14,0.0557206,1000.00,0.00
4972,2019-03-17T12:23:58,Cosmics,HOME,"Cosmics. ps1=1, ps4=1",0.00039,18900,1917.60,2138.14,0.0558539,1000.00,0.00
4971,2019-03-17T06:06:52,SciFi,Bogdan Wire,Right,0.02079,31925,2941.98,2138.14,0.0558618,1000.00,0.00
4970,2019-03-17T05:16:52,SciFi,Bogdan Wire,Right,0.01898,15736,1571.22,2137.54,0.158104,1000.00,0.00
4969,2019-03-17T04:44:04,SciFi,Bogdan Wire,Right,0.01782,61136,6534.24,2138.14,0.0560165,1000.00,0.00
4968,2019-03-17T02:53:58,SciFi,Bogdan Wire,Right,0.01972,4884,470.04,2137.52,0.171528,1000.00,0.00
4967,2019-03-17T02:42:32,SciFi,Bogdan Wire,Test of SciFi config with window,0.02026,7922,803.04,2137.47,0.169603,1000.00,0.00
4965,2019-03-17T00:47:18,Production,Tungsten 2.8%,"Production run 2.8% Tungsten, ps1=ps2=30000 ps3=ps4=15000 ps5=1500 ps6=1 ps7=ps8=0.",0.04309,4849869,3279.84,2137.45,54.2467,1000.00,0.00
4964,2019-03-16T23:43:19,Production,Tungsten 2.8%,"Production run 2.8% Tungsten, ps1=ps2=30000 ps3=ps4=15000 ps5=1500 ps6=1 ps7=ps8=0.",0.08334,7918844,2770.14,2137.35,26.6183,1000.00,0.00
4963,2019-03-16T22:53:14,Production,Tungsten 2.8%,"Production run 2.8% Tungsten, ps1=ps2=30000 ps3=ps4=15000 ps5=1500 ps6=1 ps7=ps8=0.",0.00586,8431302,2330.16,2137.49,53.8472,1000.00,0.00
4962,2019-03-16T22:13:01,Production,Tungsten 2.8%,"Production run 2.8% Tungsten, ps1=ps2=30000 ps3=ps4=15000 ps5=1500 ps6=1 ps7=ps8=0.",0.09382,8811166,2711.58,2137.66,53.3453,1000.00,0.00
4961,2019-03-16T21:26:27,Production,Tungsten 2.8%,"Production run 2.8% Tungsten, ps1=ps2=30000 ps3=ps4=15000 ps5=1500 ps6=1 ps7=ps8=0.",0.00739,7964019,2223.72,2137.44,54.1261,1000.00,0.00
4960,2019-03-16T20:47:56,Production,Tungsten 2.8%,"Production run 2.8% Tungsten, ps1=ps2=30000 ps3=ps4=15000 ps5=1500 ps6=1 ps7=ps8=0.",0.09310,8285591,2562.00,2137.49,53.0023,1000.00,0.00
4959,2019-03-16T20:04:09,Production,Tungsten 2.8%,"Production run 2.8% Tungsten, ps1=ps2=30000 ps3=ps4=15000 ps5=1500 ps6=1 ps7=ps8=0.",0.00941,8048557,2139.12,2137.48,53.3784,1000.00,0.00
4958,2019-03-16T19:27:25,Production,Tungsten 2.8%,"Production run 2.8% Tungsten, ps1=ps2=30000 ps3=ps4=15000 ps5=1500 ps6=1 ps7=ps8=0.",0.09357,8015264,2516.70,2138.14,0.0560676,1000.00,0.00
4957,2019-03-16T18:44:28,Production,Tungsten 2.8%,"Production run 2.8% Tungsten, ps1=ps2=30000 ps3=ps4=15000 ps5=1500 ps6=1 ps7=ps8=0.",0.07670,8972987,3372.72,2137.42,53.6381,1000.00,0.00
4956,2019-03-16T17:47:10,Production,Tungsten 2.8%,"Production run 2.8% Tungsten, ps1=ps2=30000 ps3=ps4=15000 ps5=1500 ps6=1 ps7=ps8=0.",0.08482,9163279,3122.52,2137.47,53.4975,1000.00,0.00
4955,2019-03-16T16:54:06,Production,Tungsten 2.8%,"Production run 2.8% Tungsten, ps1=ps2=30000 ps3=ps4=15000 ps5=1500 ps6=1 ps7=ps8=0.",0.09919,7841713,2296.02,2137.43,53.0414,1000.00,0.00
4954,2019-03-16T16:14:13,Production,Tungsten 2.8%,"Production run 2.8% Tungsten, ps1=ps2=30000 ps3=ps4=15000 ps5=1500 ps6=1 ps7=ps8=0.",0.09308,8097964,2545.98,2137.48,54.0154,1000.00,0.00
4953,2019-03-16T15:30:35,Production,Tungsten 2.8%,"Production run 2.8% Tungsten, ps1=ps2=30000 ps3=ps4=15000 ps5=1500 ps6=1 ps7=ps8=0.",0.00063,13362349,3843.00,2137.57,53.3237,1000.00,0.00
4952,2019-03-16T14:24:56,Production,Tungsten 2.8%,"Production run 2.8% Tungsten, ps1=ps2=30000 ps3=ps4=15000 ps5=1500 ps6=1 ps7=ps8=0.",0.00637,9082855,2484.84,2137.47,53.1772,1000.00,0.00
4951,2019-03-16T13:42:40,Production,Tungsten 2.8%,"Production run 2.8% Tungsten, ps1=ps2=30000 ps3=ps4=15000 ps5=1500 ps6=1 ps7=ps8=0.",0.07907,9217426,3365.04,2137.43,53.7121,1000.00,0.00
4950,2019-03-16T12:45:33,Production,Tungsten 2.8%,"Production run 2.8% Tungsten, ps1=ps2=30000 ps3=ps4=15000 ps5=1500 ps6=1 ps7=ps8=0.",0.09943,9406955,2769.42,2137.35,53.4874,1000.00,0.00
4949,2019-03-16T11:58:08,Production,Tungsten 2.8%,"Production run 2.8% Tungsten, ps1=ps2=30000 ps3=ps4=15000 ps5=1500 ps6=1 ps7=ps8=0.",0.09296,8971407,2889.36,2137.48,53.3106,1000.00,0.00
4949,2019-03-16T11:56:31,Production,Tungsten 2.8%,"Production run 2.8% Tungsten, ps1=ps2=30000 ps3=ps4=15000 ps5=1500 ps6=1 ps7=ps8=0.",0.09296,8971407,2799.36,2137.49,53.8211,1000.00,0.00
4948,2019-03-16T11:08:47,Production,Tungsten 2.8%,"Production run 2.8% Tungsten, ps1=ps2=30000 ps3=ps4=15000 ps5=1500 ps6=1 ps7=ps8=0.",0.00303,8455110,2371.62,2137.46,53.6783,1000.00,0.00
4947,2019-03-16T10:27:54,Production,Tungsten 2.8%,"Production run 2.8% Tungsten, ps1=ps2=30000 ps3=ps4=15000 ps5=1500 ps6=1 ps7=ps8=0.",0.00542,8921468,2445.66,2137.59,53.0774,1000.00,0.00
4946,2019-03-16T09:46:02,Production,Tungsten 2.8%,"Production run 2.8% Tungsten, ps1=ps2=30000 ps3=ps4=15000 ps5=1500 ps6=1 ps7=ps8=0.",0.00836,8390351,2260.92,2137.48,53.2086,1000.00,0.00
4945,2019-03-16T09:06:57,Production,Tungsten 2.8%,"Production run 2.8% Tungsten, ps1=ps2=30000 ps3=ps4=15000 ps5=1500 ps6=1 ps7=ps8=0.",0.09354,8026446,2483.82,2137.43,53.554,1000.00,0.00
4944,2019-03-16T08:24:33,Production,Tungsten 2.8%,"Production run 2.8% Tungsten, ps1=ps2=30000 ps3=ps4=15000 ps5=1500 ps6=1 ps7=ps8=0.",0.05828,8241767,4141.68,2137.67,53.6104,1000.00,0.00
4944,2019-03-16T08:22:56,Production,Tungsten 2.8%,"Production run 2.8% Tungsten, ps1=ps2=30000 ps3=ps4=15000 ps5=1500 ps6=1 ps7=ps8=0.",0.05828,8241767,4055.76,2137.7,52.813,1000.00,0.00
4943,2019-03-16T07:09:44,Production,Tungsten 2.8%,"Production run 2.8% Tungsten, ps1=ps2=30000 ps3=ps4=15000 ps5=1500 ps6=1 ps7=ps8=0.",0.08056,7025131,3315.78,2138.14,0.0552276,1000.00,0.00
4942,2019-03-16T06:13:20,Production,Tungsten 2.8%,"Production run 2.8% Tungsten, ps1=ps2=30000 ps3=ps4=15000 ps5=1500 ps6=1 ps7=ps8=0.",0.07132,8113532,3259.80,2137.43,54.0912,1000.00,0.00
4941,2019-03-16T05:18:04,Production,Tungsten 2.8%,"Production run 2.8% Tungsten, ps1=ps2=30000 ps3=ps4=15000 ps5=1500 ps6=1 ps7=ps8=0.",0.08500,8132881,2751.60,2137.42,53.8702,1000.00,0.00
4940,2019-03-16T04:31:06,Production,Tungsten 2.8%,"Production run 2.8% Tungsten, ps1=ps2=30000 ps3=ps4=15000 ps5=1500 ps6=1 ps7=ps8=0.",0.09725,8852429,2632.38,2137.42,53.2497,1000.00,0.00
4939,2019-03-16T03:46:16,Production,Tungsten 2.8%,"Production run 2.8% Tungsten, ps1=ps2=30000 ps3=ps4=15000 ps5=1500 ps6=1 ps7=ps8=0.",0.00585,8308602,2274.78,2137.43,53.0339,1000.00,0.00
4938,2019-03-16T03:07:21,Production,Tungsten 2.8%,"Production run 2.8% Tungsten, ps1=ps2=30000 ps3=ps4=15000 ps5=1500 ps6=1 ps7=ps8=0.",0.00453,8126727,2251.56,2137.41,52.4657,1000.00,0.00
4937,2019-03-16T02:28:53,Production,Tungsten 2.8%,"Production run 2.8% Tungsten, ps1=ps2=30000 ps3=ps4=15000 ps5=1500 ps6=1 ps7=ps8=0.",0.00091,8142523,2322.36,2137.45,52.26,1000.00,0.00
4936,2019-03-16T01:49:08,Production,Tungsten 2.8%,"Production run 2.8% Tungsten, ps1=ps2=30000 ps3=ps4=15000 ps5=1500 ps6=1 ps7=ps8=0.",0.09586,8299652,2497.98,2137.45,52.335,1000.00,0.00
4935,2019-03-16T01:06:26,Production,Tungsten 2.8%,"Production run 2.8% Tungsten, ps1=ps2=30000 ps3=ps4=15000 ps5=1500 ps6=1 ps7=ps8=0.",0.00447,8124569,2253.36,2137.47,52.0385,1000.00,0.00
4934,2019-03-16T00:27:40,Production,Tungsten 2.8%,"Production run 2.8% Tungsten, ps1=ps2=30000 ps3=ps4=15000 ps5=1500 ps6=1 ps7=ps8=0.",0.00759,8072353,2188.20,2137.45,52.258,1000.00,0.00
4933,2019-03-15T23:50:09,Production,Tungsten 2.8%,"Production run 2.8% Tungsten, ps1=ps2=30000 ps3=ps4=15000 ps5=1500 ps6=1 ps7=ps8=0.",0.01219,8239180,2148.36,2137.48,52.1542,1000.00,0.00
4932,2019-03-15T23:13:30,Production,Tungsten 2.8%,"Production run 2.8% Tungsten, ps1=ps2=30000 ps3=ps4=15000 ps5=1500 ps6=1 ps7=ps8=0.",0.07394,8123697,3160.86,2137.47,52.1091,1000.00,0.00
4931,2019-03-15T22:19:50,Production,Tungsten 2.8%,"Production run 2.8% Tungsten, ps1=ps2=30000 ps3=ps4=15000 ps5=1500 ps6=1 ps7=ps8=0.",0.09293,9544723,2980.74,2137.43,52.637,1000.00,0.00
4930,2019-03-15T21:29:11,Production,Tungsten 2.8%,"Production run 2.8% Tungsten, ps1=ps2=30000 ps3=ps4=15000 ps5=1500 ps6=1 ps7=ps8=0.",0.00369,8532515,2424.78,2137.52,52.5185,1000.00,0.00
4929,2019-03-15T20:47:41,Production,Tungsten 2.8%,"Production run 2.8% Tungsten, ps1=ps2=30000 ps3=ps4=15000 ps5=1500 ps6=1 ps7=ps8=0.",0.08778,8695886,2870.22,2138.14,0.0545358,1000.00,0.00
4928,2019-03-15T19:59:00,Production,Tungsten 2.8%,"Production run 2.8% Tungsten, ps1=ps2=30000 ps3=ps4=15000 ps5=1500 ps6=1 ps7=ps8=0.",0.00769,8008967,2168.10,2137.47,52.5529,1000.00,0.00
4927,2019-03-15T19:20:47,Production,Tungsten 2.8%,"Production run 2.8% Tungsten, ps1=ps2=30000 ps3=ps4=15000 ps5=1500 ps6=1 ps7=ps8=0.",0.00635,8738254,2396.82,2137.45,52.2987,1000.00,0.00
4926,2019-03-15T18:39:52,Production,Tungsten 2.8%,"Production run 2.8% Tungsten, ps1=ps2=30000 ps3=ps4=15000 ps5=1500 ps6=1 ps7=ps8=0.",0.09171,8129213,2568.78,2137.42,52.5758,1000.00,0.00
4925,2019-03-15T17:56:05,Production,Tungsten 2.8%,"Production run 2.8% Tungsten, ps1=ps2=30000 ps3=ps4=15000 ps5=1500 ps6=1 ps7=ps8=0.",0.00863,8109415,2182.50,2137.45,51.378,1000.00,0.00
4924,2019-03-15T17:18:50,Production,Tungsten 2.8%,"Production run 2.8% Tungsten, ps1=ps2=30000 ps3=ps4=15000 ps5=1500 ps6=1 ps7=ps8=0.",0.00168,8020872,2303.70,2137.44,52.1267,1000.00,0.00
4923,2019-03-15T16:39:44,Production,Tungsten 2.8%,"Production run 2.8% Tungsten, ps1=ps2=30000 ps3=ps4=15000 ps5=1500 ps6=1 ps7=ps8=0.",0.03851,3156053,2493.36,2137.64,1.50433,1000.00,0.00
4922,2019-03-15T15:56:06,Production,Tungsten 2.8%,"Production run 2.8% Tungsten, ps1=ps2=30000 ps3=ps4=15000 ps5=1500 ps6=1 ps7=ps8=0.",0.05143,2242698,1259.82,2137.46,45.1743,1000.00,0.00
4921,2019-03-15T15:33:55,Production,Tungsten 2.8%,"Production run 2.8% Tungsten, ps1=ps2=30000 ps3=ps4=15000 ps5=1500 ps6=1 ps7=ps8=0.",0.06791,6235176,2637.72,2137.44,44.7516,1000.00,0.00
4920,2019-03-15T14:48:53,Production,Tungsten 2.8%,"Production run 2.8% Tungsten, ps1=ps2=30000 ps3=ps4=15000 ps5=1500 ps6=1 ps7=ps8=0.",0.08261,3220354,1117.62,2137.43,51.8974,1000.00,0.00
4919,2019-03-15T14:28:58,Production,Tungsten 2.8%,"Production run 2.8% Tungsten, ps1=ps2=30000 ps3=ps4=15000 ps5=1500 ps6=1 ps7=ps8=0.",0.07044,6211707,2554.80,2137.5,45.0713,1000.00,0.00
4918,2019-03-15T13:45:06,Production,Tungsten 2.8%,"Production run 2.8% Tungsten, ps1=ps2=30000 ps3=ps4=15000 ps5=1500 ps6=1 ps7=ps8=0.",0.06280,6213285,2841.96,2137.47,44.9925,1000.00,0.00
4917,2019-03-15T12:37:01,Production,Tungsten 2.8%,"Production run 2.8% Tungsten, ps1=ps2=30000 ps3=ps4=15000 ps5=1500 ps6=1 ps7=ps8=0.",0.07985,2703794,1075.98,2138.14,0.0544749,1000.00,0.00
4916,2019-03-15T12:11:49,Production,Tungsten 2.8%,"Production run 2.8% Tungsten, ps1=ps2=30000 ps3=ps4=15000 ps5=1500 ps6=1 ps7=ps8=0.",0.06912,4930818,2390.64,2138.14,0.0545808,1000.00,0.00
4915,2019-03-15T11:31:23,Production,Tungsten 2.8%,"Production run 2.8% Tungsten, ps1=ps2=30000 ps3=ps4=15000 ps5=1500 ps6=1 ps7=ps8=0.",0.07548,5397173,2113.80,2137.56,44.8394,1000.00,0.00
4914,2019-03-15T10:45:50,Production,Tungsten 2.8%,"Production run 2.8% Tungsten, ps1=ps2=30000 ps3=ps4=15000 ps5=1500 ps6=1 ps7=ps8=0.",0.06335,4509136,2713.26,2138.14,0.0544488,1000.00,0.00
4913,2019-03-15T09:59:14,Production,Tungsten 2.8%,"Production run 2.8% Tungsten, ps1=ps2=30000 ps3=ps4=15000 ps5=1500 ps6=1 ps7=ps8=0.",0.06660,6040464,2613.12,2137.43,44.8924,1000.00,0.00
4912,2019-03-15T09:14:21,Production,Tungsten 2.8%,"Production run 2.8% Tungsten, ps1=ps2=30000 ps3=ps4=15000 ps5=1500 ps6=1 ps7=ps8=0.",0.07906,6076475,2230.68,2137.52,45.1946,1000.00,0.00
4911,2019-03-15T08:18:57,Production,Tungsten 2.8%,"Production run 2.8% Tungsten, ps1=ps2=30000 ps3=ps4=15000 ps5=1500 ps6=1 ps7=ps8=0.",0.06519,2553096,2202.24,2138.14,0.054538,1000.00,0.00
4910,2019-03-15T07:39:40,Production,Tungsten 2.8%,"Production run 2.8% Tungsten, ps1=ps2=30000 ps3=ps4=15000 ps5=1500 ps6=1 ps7=ps8=0.",0.07761,6017014,2272.20,2137.51,44.3753,1000.00,0.00
4909,2019-03-15T07:00:51,Production,Tungsten 2.8%,"Production run 2.8% Tungsten, ps1=ps2=30000 ps3=ps4=15000 ps5=1500 ps6=1 ps7=ps8=0.",0.07791,6011655,2235.66,2137.5,43.7636,1000.00,0.00
4908,2019-03-15T06:22:35,Production,Tungsten 2.8%,"Production run 2.8% Tungsten, ps1=ps2=30000 ps3=ps4=15000 ps5=1500 ps6=1 ps7=ps8=0.",0.05943,6220903,3026.04,2137.51,43.3788,1000.00,0.00
4907,2019-03-15T05:31:11,Production,Tungsten 2.8%,"Production run 2.8% Tungsten, ps1=ps2=30000 ps3=ps4=15000 ps5=1500 ps6=1 ps7=ps8=0.",0.06808,6044478,2557.86,2137.53,45.6094,1000.00,0.00
4906,2019-03-15T04:47:32,Production,Tungsten 2.8%,"Production run 2.8% Tungsten, ps1=ps2=30000 ps3=ps4=15000 ps5=1500 ps6=1 ps7=ps8=0.",0.06862,6209673,2612.16,2137.49,45.7929,1000.00,0.00
4905,2019-03-15T04:03:02,Production,Tungsten 2.8%,"Production run 2.8% Tungsten, ps1=ps2=30000 ps3=ps4=15000 ps5=1500 ps6=1 ps7=ps8=0.",0.07399,6315841,2483.88,2137.47,45.2072,1000.00,0.00
4904,2019-03-15T03:20:43,Production,Tungsten 2.8%,"Production run 2.8% Tungsten, ps1=ps2=30000 ps3=ps4=15000 ps5=1500 ps6=1 ps7=ps8=0.",0.07705,6111865,2297.22,2137.68,45.4749,1000.00,0.00
4903,2019-03-15T02:41:22,Production,Tungsten 2.8%,"Production run 2.8% Tungsten, ps1=ps2=30000 ps3=ps4=15000 ps5=1500 ps6=1 ps7=ps8=0.",0.07055,6276226,2566.38,2137.52,43.2529,1000.00,0.00
4902,2019-03-15T01:57:37,Production,Tungsten 2.8%,"Production run 2.8% Tungsten, ps1=ps2=30000 ps3=ps4=15000 ps5=1500 ps6=1 ps7=ps8=0.",0.07418,6027396,2340.06,2137.5,43.7365,1000.00,0.00
4901,2019-03-15T01:17:38,Production,Tungsten 2.8%,"Production run 2.8% Tungsten, ps1=ps2=30000 ps3=ps4=15000 ps5=1500 ps6=1 ps7=ps8=0.",0.07795,6111163,2284.86,2137.48,45.3073,1000.00,0.00
4900,2019-03-15T00:39:02,Production,Tungsten 2.8%,"Production run 2.8% Tungsten, ps1=ps2=30000 ps3=ps4=15000 ps5=1500 ps6=1 ps7=ps8=0.",0.07552,6374506,2445.42,2137.5,45.3787,1000.00,0.00
4899,2019-03-14T23:56:47,Production,Tungsten 2.8%,"Production run 2.8% Tungsten, ps1=ps2=30000 ps3=ps4=15000 ps5=1500 ps6=1 ps7=ps8=0.",0.07239,6011962,2405.76,2137.51,44.9596,1000.00,0.00
4898,2019-03-14T23:15:48,Production,Tungsten 2.8%,"Production run 2.8% Tungsten, ps1=ps2=30000 ps3=ps4=15000 ps5=1500 ps6=1 ps7=ps8=0.",0.06707,5999651,2569.38,2137.48,45.2639,1000.00,0.00
4897,2019-03-14T22:32:05,Production,Tungsten 2.8%,"Production run 2.8% Tungsten, ps1=ps2=30000 ps3=ps4=15000 ps5=1500 ps6=1 ps7=ps8=0.",0.07589,5995870,2287.44,2138.14,0.0561236,1000.00,0.00
4896,2019-03-14T21:53:16,Production,Tungsten 2.8%,"Production run 2.8% Tungsten, ps1=ps2=30000 ps3=ps4=15000 ps5=1500 ps6=1 ps7=ps8=0.",0.07367,6018153,2361.48,2137.53,44.9751,1000.00,0.00
4895,2019-03-14T21:12:24,Production,Tungsten 2.8%,"Production run 2.8% Tungsten, ps1=ps2=30000 ps3=ps4=15000 ps5=1500 ps6=1 ps7=ps8=0.",0.07423,5974556,2326.38,2137.49,42.9611,1000.00,0.00
4894,2019-03-14T20:32:46,Production,Tungsten 2.8%,"Production run 2.8% Tungsten, ps1=ps2=30000 ps3=ps4=15000 ps5=1500 ps6=1 ps7=ps8=0.",0.06607,5958272,2599.32,2137.51,44.8703,1000.00,0.00
4893,2019-03-14T19:48:26,Production,Tungsten 2.8%,"Production run 2.8% Tungsten, ps1=ps2=30000 ps3=ps4=15000 ps5=1500 ps6=1 ps7=ps8=0.",0.06922,6162137,2571.78,2137.5,45.0874,1000.00,0.00
4892,2019-03-14T18:54:24,Production,Tungsten 2.8%,"Production run 2.8% Tungsten, ps1=ps2=30000 ps3=ps4=15000 ps5=1500 ps6=1 ps7=ps8=0.",0.07035,3729640,1529.34,2138.14,0.0562687,1000.00,0.00
4891,2019-03-14T16:50:22,Production,Tungsten 2.8%,"Production run 2.8% Tungsten, ps1=ps2=30000 ps3=ps4=15000 ps5=1500 ps6=1 ps7=ps8=0.",0.06626,2685756,1355.34,2138.14,0.0560078,1000.00,0.00
4890,2019-03-14T15:49:30,Production,Tungsten 2.8%,"Production run 2.8% Tungsten, ps1=ps2=30000 ps3=ps4=15000 ps5=1500 ps6=1 ps7=ps8=0.",0.07522,2657393,1240.14,2138.14,0.0559806,1000.00,0.00
4889,2019-03-14T15:27:58,Production,Tungsten 2.8%,"Production run 2.8% Tungsten, ps1=ps2=30000 ps3=ps4=15000 ps5=1500 ps6=1 ps7=ps8=0.",0.07569,6004948,2325.78,2137.59,45.084,1000.00,0.00
4888,2019-03-14T14:47:12,Production,Tungsten 2.8%,"Production run 2.8% Tungsten, ps1=ps2=30000 ps3=15000 ps4=1 ps5=1500 ps6=1 ps7=ps8=0.",1.00000,32839,63.72,2137.57,45.2927,1000.00,0.00
4887,2019-03-14T14:44:16,Production,Tungsten 2.8%,"Production run 2.8% Tungsten, ps1=ps2=30000 ps3=ps4=15000 ps5=1500 ps6=1 ps7=ps8=0.",0.06825,4206160,1826.94,2137.75,0.0559534,1000.00,0.00
4886,2019-03-14T14:10:21,Production,Tungsten 2.8%,"Production run 2.8% Tungsten, ps1=ps2=30000 ps3=ps4=15000 ps5=1500 ps6=1 ps7=ps8=0.",0.07821,997635,376.74,2138.14,0.0558487,1000.00,0.00
4882,2019-03-14T11:27:38,Production,Tungsten 2.8%,"Production run 2.8% Tungsten, ps1=ps2=30000 ps3=ps4=15000 ps5=1500 ps6=1 ps7=ps8=0.",0.07291,6044643,2387.40,2137.56,45.8285,1000.00,0.00
4881,2019-03-14T10:46:38,Production,Tungsten 2.8%,"Production run 2.8% Tungsten, ps1=ps2=30000 ps3=ps4=15000 ps5=1500 ps6=1 ps7=ps8=0.",0.05854,6006146,2941.80,2137.53,44.1048,1000.00,0.00
4880,2019-03-14T09:56:34,Production,Tungsten 2.8%,"Production run 2.8% Tungsten, ps1=ps2=30000 ps3=ps4=15000 ps5=1500 ps6=1 ps7=ps8=0.",0.06888,6005906,2522.04,2137.54,43.5534,1000.00,0.00
4879,2019-03-14T09:13:34,Production,Tungsten 2.8%,"Production run 2.8% Tungsten, ps1=ps2=30000 ps3=ps4=15000 ps5=1500 ps6=1 ps7=ps8=0.",0.06580,6058967,2682.54,2137.55,46.2806,1000.00,0.00
4878,2019-03-14T08:27:50,Production,Tungsten 2.8%,"Production run 2.8% Tungsten, ps1=ps2=30000 ps3=ps4=15000 ps5=1500 ps6=1 ps7=ps8=0.",0.06764,6000126,2550.24,2137.55,43.9659,1000.00,0.00
4877,2019-03-14T07:44:18,Production,Tungsten 2.8%,"Production run 2.8% Tungsten, ps1=ps2=30000 ps3=ps4=15000 ps5=1500 ps6=1 ps7=ps8=0.",0.06216,6164987,2857.44,2137.88,5.60016,1000.00,0.00
4876,2019-03-14T06:55:35,Production,Tungsten 2.8%,"Production run 2.8% Tungsten, ps1=ps2=30000 ps3=ps4=15000 ps5=1500 ps6=1 ps7=ps8=0. Run after beam",0.06836,7389876,3114.24,2137.55,41.5962,1000.00,0.00
4875,2019-03-14T05:52:34,Production,Tungsten 2.8%,"Production run 2.8% Tungsten, ps1=ps2=30000 ps3=ps4=15000 ps5=1500 ps6=1 ps7=ps8=0.",0.07263,754457,544.68,2138.14,0.055941,1000.00,0.00
4874,2019-03-14T05:41:13,Production,Tungsten 2.8%,"Production run 2.8% Tungsten, ps1=ps2=30000 ps3=ps4=15000 ps5=1500 ps6=1 ps7=ps8=0.",0.07603,6155426,2337.72,2137.51,43.986,1000.00,0.00
4873,2019-03-14T05:01:14,Production,Tungsten 2.8%,"Production run 2.8% Tungsten, ps1=ps2=30000 ps3=ps4=15000 ps5=1500 ps6=1 ps7=ps8=0.",0.07543,6138791,2355.18,2137.52,43.7219,1000.00,0.00
4872,2019-03-14T04:21:09,Production,Tungsten 2.8%,"Production run 2.8% Tungsten, ps1=ps2=30000 ps3=ps4=15000 ps5=1500 ps6=1 ps7=ps8=0.",0.06815,6981122,2945.94,2137.55,44.113,1000.00,0.00
4871,2019-03-14T03:31:00,Production,Tungsten 2.8%,"Production run 2.8% Tungsten, ps1=ps2=30000 ps3=ps4=15000 ps5=1500 ps6=1 ps7=ps8=0. Run after beam",0.07687,6142197,2390.52,2137.73,1.92321,1000.00,0.00
4870,2019-03-14T02:00:34,Production,Tungsten 2.8%,"Production run 2.8% Tungsten, ps1=ps2=30000 ps3=ps4=15000 ps5=1500 ps6=1 ps7=ps8=0",0.07414,5039140,2103.66,2138.14,0.0558726,1000.00,0.00
4869,2019-03-14T01:24:26,Production,Tungsten 2.8%,"Production run 2.8% Tungsten, ps1=ps2=30000 ps3=ps4=15000 ps5=1500 ps6=1 ps7=ps8=0",0.06983,6043120,2561.22,2137.54,44.0442,1000.00,0.00
4868,2019-03-14T00:40:25,Production,Tungsten 2.8%,"Production run 2.8% Tungsten, ps1=ps2=30000 ps3=ps4=15000 ps5=1500 ps6=1 ps7=ps8=0",0.06777,6623097,2826.24,2137.73,43.1175,1000.00,0.00
4867,2019-03-13T23:52:19,Production,Tungsten 2.8%,"Production run 2.8% Tungsten, ps1=ps2=30000 ps3=ps4=15000 ps5=1500 ps6=1 ps7=ps8=0",0.08137,6974821,2507.64,2137.61,16.5125,1000.00,0.00
4866,2019-03-13T23:09:10,Production,Tungsten 2.8%,"Production run 2.8% Tungsten, ps1=ps2=30000 ps3=ps4=15000 ps5=1500 ps6=1 ps7=ps8=0",0.06944,6128973,2574.24,2137.51,44.1805,1000.00,0.00
4865,2019-03-13T22:25:23,Production,Tungsten 2.8%,"Production run 2.8% Tungsten, ps1=ps2=30000 ps3=ps4=15000 ps5=1500 ps6=1 ps7=ps8=0",0.06623,6210132,2762.76,2137.5,43.4513,1000.00,0.00
4864,2019-03-13T21:38:32,Production,Tungsten 2.8%,"Production run 2.8% Tungsten, ps1=ps2=30000 ps3=ps4=15000 ps5=1500 ps6=1 ps7=ps8=0",0.07510,6119302,2370.00,2137.42,43.7865,1000.00,0.00
4863,2019-03-13T20:57:54,Production,Tungsten 2.8%,"Production run 2.8% Tungsten, ps1=ps2=30000 ps3=ps4=15000 ps5=1500 ps6=1 ps7=ps8=0",0.05562,6310641,3332.52,2137.55,42.9648,1000.00,0.00
4862,2019-03-13T20:01:16,Production,Tungsten 2.8%,"Production run 2.8% Tungsten, ps1=ps2=30000 ps3=ps4=15000 ps5=1500 ps6=1 ps7=ps8=0",0.03972,6214404,4454.88,2137.81,41.9864,1000.00,0.00
4861,2019-03-13T18:45:55,Production,Tungsten 2.8%,"Production run 2.8% Tungsten, ps1=ps2=30000 ps3=ps4=15000 ps5=1500 ps6=1 ps7=ps8=0",0.07497,6110261,2359.44,2137.53,43.9652,1000.00,0.00
4860,2019-03-13T18:05:38,Production,Tungsten 2.8%,"Production run 2.8% Tungsten, ps1=ps2=30000 ps3=ps4=15000 ps5=1500 ps6=1 ps7=ps8=0",0.07487,6209540,2408.82,2137.52,44.536,1000.00,0.00
4859,2019-03-13T17:24:34,Production,Tungsten 2.8%,"Production run 2.8% Tungsten, ps1=ps2=30000 ps3=ps4=15000 ps5=1500 ps6=1 ps7=ps8=0",0.07522,6210672,2393.22,2137.52,43.184,1000.00,0.00
4858,2019-03-13T16:43:41,Production,Tungsten 2.8%,"Production run 2.8% Tungsten, ps1=ps2=30000 ps3=ps4=15000 ps5=1500 ps6=1 ps7=ps8=0",0.07615,6506458,2467.98,2137.58,41.7763,1000.00,0.00
4857,2019-03-13T16:01:22,Production,Tungsten 2.8%,"Production run 2.8% Tungsten, ps1=ps2=30000 ps3=ps4=15000 ps5=1500 ps6=1 ps7=ps8=0",0.07261,6255839,2479.80,2137.54,44.2104,1000.00,0.00
4856,2019-03-13T15:18:38,Production,Tungsten 2.8%,"Production run 2.8% Tungsten, ps1=ps2=30000 ps3=ps4=15000 ps5=1500 ps6=1 ps7=ps8=0",0.07285,6319322,2524.32,2137.57,45.5571,1000.00,0.00
4855,2019-03-13T14:35:50,Production,Tungsten 2.8%,"Production run 2.8% Tungsten, ps1=ps2=30000 ps3=ps4=15000 ps5=1500 ps6=1 ps7=ps8=0",0.06998,6070398,2531.82,2137.52,45.6,1000.00,0.00
4854,2019-03-13T13:51:56,Production,Tungsten 2.8%,"Production run 2.8% Tungsten, ps1=ps2=30000 ps3=ps4=15000 ps5=1500 ps6=1 ps7=ps8=0",0.07624,6421874,2490.06,2137.5,44.1609,1000.00,0.00
4853,2019-03-13T13:09:46,Production,Tungsten 2.8%,"Production run 2.8% Tungsten, ps1=ps2=30000 ps3=ps4=15000 ps5=1500 ps6=1 ps7=ps8=0",0.07632,6090663,2313.96,2137.52,43.67,1000.00,0.00
4852,2019-03-13T12:25:34,Production,Tungsten 2.8%,"Production run 2.8% Tungsten, ps1=ps2=30000 ps3=ps4=15000 ps5=1500 ps6=1 ps7=ps8=0",0.07011,6187818,2544.18,2137.46,43.4735,1000.00,0.00
4851,2019-03-13T11:41:32,Production,Tungsten 2.8%,"Production run 2.8% Tungsten, ps1=ps2=30000 ps3=ps4=15000 ps5=1500 ps6=1 ps7=ps8=0",0.07339,6343620,2613.48,2137.5,44.2249,1000.00,0.00
4850,2019-03-13T10:55:00,Production,Tungsten 2.8%,"Production run 2.8% Tungsten, ps1=ps2=30000 ps3=ps4=15000 ps5=1500 ps6=1 ps7=ps8=0",0.07197,6112956,2466.96,2137.49,43.7426,1000.00,0.00
4849,2019-03-13T10:12:38,Production,Tungsten 2.8%,"Production run 2.8% Tungsten, ps1=ps2=30000 ps3=ps4=15000 ps5=1500 ps6=1 ps7=ps8=0",0.08303,6098672,2156.76,2137.78,41.6484,1000.00,0.00
4848,2019-03-13T09:35:30,Production,Tungsten 2.8%,"Production run 2.8% Tungsten, ps1=ps2=30000 ps3=ps4=15000 ps5=1500 ps6=1 ps7=ps8=0",0.06740,6508571,2826.48,2137.52,41.3751,1000.00,0.00
4847,2019-03-13T08:47:03,Production,Tungsten 2.8%,"Production run 2.8% Tungsten, ps1=ps2=30000 ps3=ps4=15000 ps5=1500 ps6=1 ps7=ps8=0",0.05920,6041951,2939.04,2137.58,44.2227,1000.00,0.00
4846,2019-03-13T07:57:07,Production,Tungsten 2.8%,"Production run 2.8% Tungsten, ps1=ps2=30000 ps3=ps4=15000 ps5=1500 ps6=1 ps7=ps8=0",0.06584,6009528,2630.40,2137.66,43.7748,1000.00,0.00
4845,2019-03-13T07:12:22,Production,Tungsten 2.8%,"Production run 2.8% Tungsten, ps1=ps2=30000 ps3=ps4=15000 ps5=1500 ps6=1 ps7=ps8=0",0.06349,6223484,2816.76,2138.14,0.0559347,1000.00,0.00
4844,2019-03-13T06:24:33,Production,Tungsten 2.8%,"Production run 2.8% Tungsten, ps1=ps2=30000 ps3=ps4=15000 ps5=1500 ps6=1 ps7=ps8=0",0.05968,6275002,3038.82,2137.5,44.8217,1000.00,0.00
4843,2019-03-13T05:33:06,Production,Tungsten 2.8%,"Production run 2.8% Tungsten, ps1=ps2=30000 ps3=ps4=15000 ps5=1500 ps6=1 ps7=ps8=0",0.07712,6364474,2392.08,2137.6,44.1399,1000.00,0.00
4842,2019-03-13T04:52:09,Production,Tungsten 2.8%,"Production run 2.8% Tungsten, ps1=ps2=30000 ps3=ps4=15000 ps5=1500 ps6=1 ps7=ps8=0",0.07538,6483007,2480.82,2137.53,42.2128,1000.00,0.00
4841,2019-03-13T04:09:46,Production,Tungsten 2.8%,"Production run 2.8% Tungsten, ps1=ps2=30000 ps3=ps4=15000 ps5=1500 ps6=1 ps7=ps8=0",0.07072,6116022,2492.10,2137.47,44.6189,1000.00,0.00
4840,2019-03-13T03:27:19,Production,Tungsten 2.8%,"Production run 2.8% Tungsten, ps1=ps2=30000 ps3=ps4=15000 ps5=1500 ps6=1 ps7=ps8=0",0.07913,6340751,2333.70,2137.49,44.8472,1000.00,0.00
4839,2019-03-13T02:47:27,Production,Tungsten 2.8%,"Production run 2.8% Tungsten, ps1=ps2=30000 ps3=ps4=15000 ps5=1500 ps6=1 ps7=ps8=0",0.07530,6181635,2427.84,2137.57,44.0626,1000.00,0.00
4838,2019-03-13T02:06:06,Production,Tungsten 2.8%,"Production run 2.8% Tungsten, ps1=ps2=30000 ps3=ps4=15000 ps5=1500 ps6=1 ps7=ps8=0",0.07460,6002379,2368.26,2138.14,0.0559049,1000.00,0.00
4837,2019-03-13T01:25:40,Production,Tungsten 2.8%,"Production run 2.8% Tungsten, ps1=ps2=30000 ps3=ps4=15000 ps5=1500 ps6=1 ps7=ps8=0",0.07776,6166411,2319.60,2137.42,44.1151,1000.00,0.00
4835,2019-03-13T00:41:54,Production,Tungsten 2.8%,"Production run 2.8% Tungsten, ps1=ps2=30000 ps3=ps4=15000 ps5=1500 ps6=1 ps7=ps8=0",0.07669,6299093,2370.84,2137.46,44.5826,1000.00,0.00
4834,2019-03-13T00:01:31,Production,Tungsten 2.8%,"Production run 2.8% Tungsten, ps1=ps2=30000 ps3=ps4=15000 ps5=1500 ps6=1 ps7=ps8=0",0.07818,6064631,2269.80,2137.5,42.1246,1000.00,0.00
4833,2019-03-12T23:21:23,Production,Tungsten 2.8%,"Production run 2.8% Tungsten, ps1=ps2=30000 ps3=ps4=15000 ps5=1500 ps6=1 ps7=ps8=0",0.07696,6035569,2274.54,2137.47,40.8277,1000.00,0.00
4832,2019-03-12T22:42:26,Production,Tungsten 2.8%,"Production run 2.8% Tungsten, ps1=ps2=30000 ps3=ps4=15000 ps5=1500 ps6=1 ps7=ps8=0",0.06767,6091603,2616.54,2137.46,44.3877,1000.00,0.00
4831,2019-03-12T21:57:42,Production,Tungsten 2.8%,"Production run 2.8% Tungsten, ps1=ps2=30000 ps3=ps4=15000 ps5=1500 ps6=1 ps7=ps8=0",0.07194,6016984,2426.22,2137.49,43.8149,1000.00,0.00
4830,2019-03-12T21:16:12,Production,Tungsten 2.8%,"Production run 2.8% Tungsten, ps1=ps2=30000 ps3=ps4=15000 ps5=1500 ps6=1 ps7=ps8=0",0.06769,6096924,2636.40,2137.49,43.7146,1000.00,0.00
4829,2019-03-12T20:31:21,Production,Tungsten 2.8%,"Production run 2.8% Tungsten, ps1=ps2=30000 ps3=ps4=15000 ps5=1500 ps6=1 ps7=ps8=0",0.06623,6031890,2644.74,0,42.1941,1000.00,0.00
4828,2019-03-12T19:45:56,Production,Tungsten 2.8%,"Production run 2.8% Tungsten, ps1=ps2=30000 ps3=ps4=15000 ps5=1500 ps6=1 ps7=ps8=0",0.07182,6058751,2473.92,2137.45,41.3849,1000.00,0.00
4827,2019-03-12T19:03:41,Production,Tungsten 2.8%,"Production run 2.8% Tungsten, ps1=ps2=30000 ps3=ps4=15000 ps5=1500 ps6=1 ps7=ps8=0",0.07670,6051034,2309.16,2137.46,44.3737,1000.00,0.00
4826,2019-03-12T18:23:59,Production,Tungsten 2.8%,"Production run 2.8% Tungsten, ps1=ps2=30000 ps3=ps4=15000 ps5=1500 ps6=1 ps7=ps8=0",0.07192,6026602,2438.58,2138.14,44.3995,1000.00,0.00
4825,2019-03-12T17:42:17,Production,Tungsten 2.8%,"Production run 2.8% Tungsten, ps1=ps2=30000 ps3=ps4=15000 ps5=1500 ps6=1 ps7=ps8=0",0.02461,6020920,7058.94,2137.47,44.5432,1000.00,0.00
4824,2019-03-12T15:43:24,Production,Tungsten 2.8%,"Production run 2.8% Tungsten, ps1=ps2=30000 ps3=ps4=15000 ps5=1500 ps6=1 ps7=ps8=0",0.08227,3102333,1114.14,2137.51,41.708,1000.00,0.00
4823,2019-03-12T15:23:53,Production,Tungsten 2.8%,"Production run 2.8% Tungsten, ps1=ps2=30000 ps3=ps4=15000 ps5=1500 ps6=1 ps7=ps8=0",0.06975,3038001,1300.50,2137.51,41.4764,1000.00,0.00
4822,2019-03-12T14:56:53,Production,Tungsten 2.8%,"Production run 2.8% Tungsten, ps1=ps2=30000 ps3=ps4=15000 ps5=1500 ps6=1 ps7=ps8=0",0.07819,3042777,1150.68,2137.56,11.0841,1000.00,0.00
4821,2019-03-12T14:36:18,Production,Tungsten 2.8%,"Production run 2.8% Tungsten, ps1=ps2=30000 ps3=ps4=15000 ps5=1500 ps6=1 ps7=ps8=0",0.06434,3016414,1392.54,2137.54,44.5379,1000.00,0.00
4820,2019-03-12T14:11:23,Production,Tungsten 2.8%,"Production run 2.8% Tungsten, ps1=ps2=30000 ps3=ps4=15000 ps5=1500 ps6=1 ps7=ps8=0",0.07995,3158441,1169.10,2137.55,44.0191,1000.00,0.00
4819,2019-03-12T13:51:18,Production,Tungsten 2.8%,"Production run 2.8% Tungsten, ps1=ps2=30000 ps3=ps4=15000 ps5=1500 ps6=1 ps7=ps8=0",0.04579,3012330,1856.70,2137.53,45.6164,1000.00,0.00
4818,2019-03-12T13:19:17,Production,Tungsten 2.8%,"Production run 2.8% Tungsten, ps1=ps2=30000 ps3=ps4=15000 ps5=1500 ps6=1 ps7=ps8=0",0.06791,3011950,1269.78,2137.53,44.5479,1000.00,0.00
4817,2019-03-12T12:56:03,Production,Tungsten 2.8%,"Production run 2.8% Tungsten, ps1=ps2=30000 ps3=ps4=15000 ps5=1500 ps6=1 ps7=ps8=0",0.07660,3006353,1134.00,2137.51,44.1083,1000.00,0.00
4816,2019-03-12T12:44:17,Production,Tungsten 2.8%,"Production run 2.8% Tungsten, ps1=ps2=30000 ps3=ps4=15000 ps5=1500 ps6=1 ps7=ps8=0",0.07429,3030954,1171.26,2137.53,44.0727,1000.00,0.00
4815,2019-03-12T12:14:35,Production,Tungsten 2.8%,"Production run 2.8% Tungsten, ps1=ps2=30000 ps3=ps4=15000 ps5=1500 ps6=1 ps7=ps8=0",0.07291,3015700,1187.76,2137.5,44.1369,1000.00,0.00
4814,2019-03-12T11:54:14,Production,Tungsten 2.8%,"Production run 2.8% Tungsten, ps1=ps2=30000 ps3=ps4=15000 ps5=1500 ps6=1 ps7=ps8=0",0.06491,3055821,1345.62,2137.52,44.3998,1000.00,0.00
4813,2019-03-12T11:30:05,Production,Tungsten 2.8%,"Production run 2.8% Tungsten, ps1=ps2=30000 ps3=ps4=15000 ps5=1500 ps6=1 ps7=ps8=0",0.07182,3066562,1227.12,2137.5,44.2236,1000.00,0.00
4812,2019-03-12T11:08:05,Production,Tungsten 2.8%,"Production run 2.8% Tungsten, ps1=ps2=30000 ps3=ps4=15000 ps5=1500 ps6=1 ps7=ps8=0",0.06551,3040738,1327.56,2137.5,44.6762,1000.00,0.00
4811,2019-03-12T10:43:47,Production,Tungsten 2.8%,"Production run 2.8% Tungsten, ps1=ps2=30000 ps3=ps4=15000 ps5=1500 ps6=1 ps7=ps8=0",0.07062,3019227,1228.38,2137.49,43.3859,1000.00,0.00
4810,2019-03-12T10:21:25,Production,Tungsten 2.8%,"Production run 2.8% Tungsten, ps1=ps2=30000 ps3=ps4=15000 ps5=1500 ps6=1 ps7=ps8=0",0.07603,3013614,1139.70,2137.5,43.6468,1000.00,0.00
4809,2019-03-12T10:01:36,Production,Tungsten 2.8%,"Production run 2.8% Tungsten, ps1=ps2=30000 ps3=ps4=15000 ps5=1500 ps6=1 ps7=ps8=0",0.06920,3137320,1303.92,2137.5,42.0656,1000.00,0.00
4808,2019-03-12T09:35:59,Production,Tungsten 2.8%,"Production run 2.8% Tungsten, ps1=ps2=30000 ps3=ps4=15000 ps5=1500 ps6=1 ps7=ps8=0",0.06837,3082327,1292.10,2137.48,44.3353,1000.00,0.00
4806,2019-03-12T08:51:30,Production,Tungsten 2.8%,"Production run 2.8% Tungsten, ps1=ps2=30000 ps3=ps4=15000 ps5=1500 ps6=1 ps7=ps8=0",0.06335,2995393,1377.48,2137.41,45.1388,1000.00,0.00
4805,2019-03-12T08:27:23,Production,Tungsten 2.8%,"Production run 2.8% Tungsten, ps1=ps2=30000 ps3=ps4=15000 ps5=1500 ps6=1 ps7=ps8=0",0.07597,3059434,1161.90,2137.52,43.8985,1000.00,0.00
4804,2019-03-12T08:07:07,Production,Tungsten 2.8%,"Production run 2.8% Tungsten, ps1=ps2=30000 ps3=ps4=15000 ps5=1500 ps6=1 ps7=ps8=0",0.07891,3073115,1128.36,2137.49,44.2386,1000.00,0.00
4803,2019-03-12T07:46:50,Production,Tungsten 2.8%,"Production run 2.8% Tungsten, ps1=ps2=30000 ps3=ps4=15000 ps5=1500 ps6=1 ps7=ps8=0",0.07272,3200481,1262.58,2137.48,41.7317,1000.00,0.00
4802,2019-03-12T07:24:53,Production,Tungsten 2.8%,"Production run 2.8% Tungsten, ps1=ps2=30000 ps3=ps4=15000 ps5=1500 ps6=1 ps7=ps8=0",0.07383,3254119,1269.96,2137.5,44.5178,1000.00,0.00
4801,2019-03-12T06:58:14,Production,Tungsten 2.8%,"Production run 2.8% Tungsten, ps1=ps2=30000 ps3=ps4=15000 ps5=1500 ps6=1 ps7=ps8=0",0.08117,2376452,997.68,2138.14,0.0557465,1000.00,0.00
4800,2019-03-12T06:40:29,Production,Tungsten 2.8%,"Production run 2.8% Tungsten, ps1=ps2=30000 ps3=ps4=15000 ps5=1500 ps6=1 ps7=ps8=0",0.08125,3429235,1223.82,2137.47,43.7259,1000.00,0.00
4799,2019-03-12T06:19:06,Production,Tungsten 2.8%,"Production run 2.8% Tungsten, ps1=ps2=30000 ps3=ps4=15000 ps5=1500 ps6=1 ps7=ps8=0",0.07670,3774246,1424.82,2137.49,44.2858,1000.00,0.00
4798,2019-03-12T05:54:33,Production,Tungsten 2.8%,"Production run 2.8% Tungsten, ps1=ps2=30000 ps3=ps4=15000 ps5=1500 ps6=1 ps7=ps8=0",0.08027,2770595,1022.64,2137.44,46.2848,1000.00,0.00
4797,2019-03-12T05:36:32,Production,Tungsten 2.8%,"Production run 2.8% Tungsten, ps1=ps2=30000 ps3=ps4=15000 ps5=1500 ps6=1 ps7=ps8=0",0.07365,3457048,1348.26,2138.14,0.0560074,1000.00,0.00
4796,2019-03-12T05:12:52,Production,Tungsten 2.8%,"Production run 2.8% Tungsten, ps1=ps2=30000 ps3=ps4=15000 ps5=1500 ps6=1 ps7=ps8=0",0.07077,3735572,1525.26,2137.45,44.2924,1000.00,0.00
4795,2019-03-12T04:46:24,Production,Tungsten 2.8%,"Production run 2.8% Tungsten, ps1=ps2=30000 ps3=ps4=15000 ps5=1500 ps6=1 ps7=ps8=0",0.07492,3277468,1266.66,2138.14,0.0562428,1000.00,0.00
4794,2019-03-12T04:24:25,Production,Tungsten 2.8%,"Production run 2.8% Tungsten, ps1=ps2=30000 ps3=ps4=15000 ps5=1500 ps6=1 ps7=ps8=0",0.07067,3261845,1336.02,2137.44,43.189,1000.00,0.00
4793,2019-03-12T04:01:06,Production,Tungsten 2.8%,"Production run 2.8% Tungsten, ps1=ps2=30000 ps3=ps4=15000 ps5=1500 ps6=1 ps7=ps8=0",0.07118,3166462,1279.26,2137.53,45.8602,1000.00,0.00
4792,2019-03-12T03:38:56,Production,Tungsten 2.8%,"Production run 2.8% Tungsten, ps1=ps2=30000 ps3=ps4=15000 ps5=1500 ps6=1 ps7=ps8=0",0.06373,3688506,1655.40,2137.47,43.6841,1000.00,0.00
4791,2019-03-12T03:10:16,Production,Tungsten 2.8%,"Production run 2.8% Tungsten, ps1=ps2=30000 ps3=ps4=15000 ps5=1500 ps6=1 ps7=ps8=0",0.07258,3576704,1422.78,2137.44,44.3671,1000.00,0.00
4790,2019-03-12T02:45:46,Production,Tungsten 2.8%,"Production run 2.8% Tungsten, ps1=ps2=30000 ps3=ps4=15000 ps5=1500 ps6=1 ps7=ps8=0",0.06979,3028459,1268.52,2137.47,43.8367,1000.00,0.00
4789,2019-03-12T02:23:24,Production,Tungsten 2.8%,"Production run 2.8% Tungsten, ps1=ps2=30000 ps3=ps4=15000 ps5=1500 ps6=1 ps7=ps8=0",0.06099,3132912,1461.36,2137.53,44.1842,1000.00,0.00
4788,2019-03-12T01:58:07,Production,Tungsten 2.8%,"Production run 2.8% Tungsten, ps1=ps2=30000 ps3=ps4=15000 ps5=1500 ps6=1 ps7=ps8=0",0.06630,3099277,1334.22,2137.49,43.4845,1000.00,0.00
4787,2019-03-12T01:35:02,Production,Tungsten 2.8%,"Production run 2.8% Tungsten, ps1=ps2=30000 ps3=ps4=15000 ps5=1500 ps6=1 ps7=ps8=0",0.07518,3181821,1217.64,2137.48,43.8561,1000.00,0.00
4786,2019-03-12T01:13:33,Production,Tungsten 2.8%,"Production run 2.8% Tungsten, ps1=ps2=30000 ps3=ps4=15000 ps5=1500 ps6=1 ps7=ps8=0",0.06911,3626216,1506.06,2137.5,43.9042,1000.00,0.00
4785,2019-03-12T00:47:15,Production,Tungsten 2.8%,"Production run 2.8% Tungsten, ps1=ps2=30000 ps3=ps4=15000 ps5=1500 ps6=1 ps7=ps8=0",0.07923,3152733,1151.70,2137.49,44.4153,1000.00,0.00
4784,2019-03-12T00:26:57,Production,Tungsten 2.8%,"Production run 2.8% Tungsten, ps1=ps2=30000 ps3=ps4=15000 ps5=1500 ps6=1 ps7=ps8=0",0.07270,3123722,1235.82,2137.46,43.977,1000.00,0.00
4783,2019-03-12T00:05:41,Production,Tungsten 2.8%,"Production run 2.8% Tungsten, ps1=ps2=30000 ps3=ps4=15000 ps5=1500 ps6=1 ps7=ps8=0",0.06513,3739337,1642.74,2137.46,44.3337,1000.00,0.00
4782,2019-03-11T23:37:01,Production,Tungsten 2.8%,"Production run 2.8% Tungsten, ps1=ps2=30000 ps3=ps4=15000 ps5=1500 ps6=1 ps7=ps8=0",0.05672,3045824,1562.70,2137.44,42.0908,1000.00,0.00
4781,2019-03-11T23:09:53,Production,Tungsten 2.8%,"Production run 2.8% Tungsten, ps1=ps2=30000 ps3=ps4=15000 ps5=1500 ps6=1 ps7=ps8=0",0.07812,3092125,1146.30,2137.43,43.2459,1000.00,0.00
4780,2019-03-11T22:49:39,Production,Tungsten 2.8%,"Production run 2.8% Tungsten, ps1=ps2=30000 ps3=ps4=15000 ps5=1500 ps6=1 ps7=ps8=0",0.07117,1537911,616.32,2137.47,43.556,1000.00,0.00
4779,2019-03-11T22:37:38,Production,Tungsten 2.8%,comment,0.09489,162839,1426.02,2137.41,43.0324,1000.00,0.00
4778,2019-03-11T21:49:52,SciFi,Bogdan Wire,"Right SciFi test, V1 wire, x = 2.7, y = 1.8, raster 1.5",0.07098,32232,861.00,2137.88,1.38426,1000.00,0.00
4777,2019-03-11T20:50:02,Optics,Tungsten Wires,"Optics Tungsten wires, ps1=1 ps2=0 ps3=0 ps4=1 ps5=0 ps6=0 ps7=ps8=0",0.02269,151534,203.52,2138.14,0.0557989,1000.00,0.00
4776,2019-03-11T20:45:39,Optics,Tungsten Wires,"Optics Tungsten wires, ps1=1 ps2=0 ps3=0 ps4=1 ps5=0 ps6=0 ps7=ps8=0",0.02135,846990,1217.88,2138.14,0.055995,1000.00,0.00
4775,2019-03-11T20:24:19,Optics,Tungsten Wires,"Optics Tungsten wires, ps1=1 ps2=0 ps3=0 ps4=1 ps5=0 ps6=0 ps7=ps8=0",0.02105,1004193,1372.86,2137.54,5.35478,1000.00,0.00
4770,2019-03-11T18:55:15,Optics,Bogdan Wire,"Optics Bogdan Wire, ps1=1 ps2=0 ps3=0 ps4=1 ps5=0 ps6=0 ps7=ps8=0",0.01500,314872,606.90,2137.53,5.31764,1000.00,0.00
4769,2019-03-11T18:44:10,Optics,Bogdan Wire,"Optics Bogdan Wire, ps1=1 ps2=0 ps3=0 ps4=1 ps5=0 ps6=0 ps7=ps8=0",0.01434,1010641,2038.38,2137.55,5.43696,1000.00,0.00
4768,2019-03-11T18:03:58,Optics,Bogdan Wire,"Optics Bogdan Wire, ps1=1 ps2=0 ps3=0 ps4=1 ps5=0 ps6=0 ps7=ps8=0",0.02943,1009360,985.80,2137.58,5.42993,1000.00,0.00
4767,2019-03-11T17:40:20,Optics,Bogdan Wire,"Optics Bogdan Wire, ps1=1 ps2=0 ps3=0 ps4=1 ps5=0 ps6=0 ps7=ps8=0",0.04481,1021323,643.80,2137.53,5.39095,1000.00,0.00
4766,2019-03-11T17:28:24,Optics,Bogdan Wire,"Optics Bogdan Wire, ps1=1 ps2=0 ps3=0 ps4=1 ps5=0 ps6=0 ps7=ps8=0",0.03898,1017602,738.30,2137.6,5.40686,1000.00,0.00
4764,2019-03-11T14:24:15,Production,Tungsten 2.8%,"Production run 2.8% Tungsten, ps1=ps2=30000 ps3=ps4=15000 ps5=1500 ps6=1 ps7=ps8=0",0.08152,1641627,597.78,2138.14,0.0546325,1000.00,0.00
4763,2019-03-11T14:13:27,Production,Tungsten 2.8%,"Production run 2.8% Tungsten, ps1=ps2=30000 ps3=ps4=15000 ps5=1500 ps6=1 ps7=ps8=0",0.07925,3324099,1230.78,2137.51,45.1902,1000.00,0.00
4762,2019-03-11T13:51:49,Production,Tungsten 2.8%,"Production run 2.8% Tungsten, ps1=ps2=30000 ps3=ps4=15000 ps5=1500 ps6=1 ps7=ps8=0",0.07742,3280337,1242.36,2137.5,44.3685,1000.00,0.00
4761,2019-03-11T13:30:14,Production,Tungsten 2.8%,"Production run 2.8% Tungsten, ps1=ps2=30000 ps3=ps4=15000 ps5=1500 ps6=1 ps7=ps8=0",0.07284,3195036,1275.90,2137.51,45.2627,1000.00,0.00
4760,2019-03-11T13:07:52,Production,Tungsten 2.8%,"Production run 2.8% Tungsten, ps1=ps2=30000 ps3=ps4=15000 ps5=1500 ps6=1 ps7=ps8=0",0.07822,3420137,1280.10,2137.49,45.6838,1000.00,0.00
4759,2019-03-11T12:45:03,Production,Tungsten 2.8%,"Production run 2.8% Tungsten, ps1=ps2=30000 ps3=ps4=15000 ps5=1500 ps6=1 ps7=ps8=0",0.07398,3068563,1213.32,2137.49,43.8357,1000.00,0.00
4758,2019-03-11T12:23:50,Production,Tungsten 2.8%,"Production run 2.8% Tungsten, ps1=ps2=30000 ps3=ps4=15000 ps5=1500 ps6=1 ps7=ps8=0",0.07608,3000893,1167.78,2137.48,27.8972,1000.00,0.00
4757,2019-03-11T12:03:02,Production,Tungsten 2.8%,"Production run 2.8% Tungsten, ps1=ps2=30000 ps3=ps4=15000 ps5=1500 ps6=1 ps7=ps8=0",0.07937,3094298,1140.90,2137.49,43.0157,1000.00,0.00
4756,2019-03-11T11:42:57,Production,Tungsten 2.8%,"Production run 2.8% Tungsten, ps1=ps2=30000 ps3=ps4=15000 ps5=1500 ps6=1 ps7=ps8=0",0.07878,3062511,1126.62,2137.52,44.2298,1000.00,0.00
4755,2019-03-11T11:23:09,Production,Tungsten 2.8%,"Production run 2.8% Tungsten, ps1=ps2=30000 ps3=ps4=15000 ps5=1500 ps6=1 ps7=ps8=0",0.05745,3254708,1644.42,2137.51,43.6706,1000.00,0.00
4754,2019-03-11T10:54:40,Production,Tungsten 2.8%,"Production run 2.8% Tungsten, ps1=ps2=30000 ps3=ps4=15000 ps5=1500 ps6=1 ps7=ps8=0",0.06714,3107738,1328.88,2137.65,44.1936,1000.00,0.00
4753,2019-03-11T10:31:29,Production,Tungsten 2.8%,"Production run 2.8% Tungsten, ps1=ps2=30000 ps3=ps4=15000 ps5=1500 ps6=1 ps7=ps8=0",0.07935,3169878,1163.28,2138.31,43.5031,1000.00,0.00
4752,2019-03-11T10:11:03,Production,Tungsten 2.8%,"Production run 2.8% Tungsten, ps1=ps2=30000 ps3=ps4=15000 ps5=1500 ps6=1 ps7=ps8=0",0.07416,3457021,1360.56,2137.9,44.1465,1000.00,0.00
4751,2019-03-11T09:46:55,Production,Tungsten 2.8%,"Production run 2.8% Tungsten, ps1=ps2=30000 ps3=ps4=15000 ps5=1500 ps6=1 ps7=ps8=0",0.06878,3075004,1297.14,2137.96,44.3967,1000.00,0.00
4750,2019-03-11T09:24:08,Production,Tungsten 2.8%,"Production run 2.8% Tungsten, ps1=ps2=30000 ps3=ps4=15000 ps5=1500 ps6=1 ps7=ps8=0",0.07706,3187160,1204.98,2137.84,43.742,1000.00,0.00
4749,2019-03-11T09:02:49,Production,Tungsten 2.8%,"Production run 2.8% Tungsten, ps1=ps2=30000 ps3=ps4=15000 ps5=1500 ps6=1 ps7=ps8=0",0.04283,3317619,2200.32,2138.14,0.0546626,1000.00,0.00
4748,2019-03-11T08:25:00,Production,Tungsten 2.8%,"Production run 2.8% Tungsten, ps1=ps2=30000 ps3=ps4=15000 ps5=1500 ps6=1 ps7=ps8=0",0.04545,3019746,1889.82,2137.46,43.8238,1000.00,0.00
4747,2019-03-11T07:51:49,Production,Tungsten 2.8%,"Production run 2.8% Tungsten, ps1=ps2=30000 ps3=ps4=15000 ps5=1500 ps6=1 ps7=ps8=0",0.03879,3704021,2741.52,2137.44,34.4156,1000.00,0.00
4746,2019-03-11T07:04:55,Production,Tungsten 2.8%,"Production run 2.8% Tungsten, ps1=ps2=30000 ps3=ps4=15000 ps5=1500 ps6=1 ps7=ps8=0",0.04326,3478685,2319.66,2138.14,0.0549609,1000.00,0.00
4745,2019-03-11T05:16:40,Production,Tungsten 2.8%,"Production run 2.8% Tungsten, ps1=ps2=30000 ps3=ps4=15000 ps5=1500 ps6=1 ps7=ps8=0",0.03258,2133333,2133.18,2138.14,0.0547559,1000.00,0.00
4744,2019-03-11T04:39:54,Production,Tungsten 2.8%,"Production run 2.8% Tungsten, ps1=ps2=30000 ps3=ps4=15000 ps5=1500 ps6=1 ps7=ps8=0",0.04097,2929813,2178.54,2138.14,0.0548344,1000.00,0.00
4743,2019-03-11T04:02:50,Production,Tungsten 2.8%,"Production run 2.8% Tungsten, ps1=ps2=30000 ps3=ps4=15000 ps5=1500 ps6=1 ps7=ps8=0",0.04861,3452605,2078.94,2137.55,34.0712,1000.00,0.00
4742,2019-03-11T03:27:03,Production,Tungsten 2.8%,"Production run 2.8% Tungsten, ps1=ps2=30000 ps3=ps4=15000 ps5=1500 ps6=1 ps7=ps8=0",0.04817,3463931,2083.80,2138.14,0.0550857,1000.00,0.00
4741,2019-03-11T02:51:09,Production,Tungsten 2.8%,"Production run 2.8% Tungsten, ps1=ps2=30000 ps3=ps4=15000 ps5=1500 ps6=1 ps7=ps8=0",0.04296,3112677,2083.32,2137.51,34.4174,1000.00,0.00
4740,2019-03-11T02:14:57,Production,Tungsten 2.8%,"Production run 2.8% Tungsten, ps1=ps2=30000 ps3=ps4=15000 ps5=1500 ps6=1 ps7=ps8=0",0.04458,3240586,2121.18,2137.52,34.0819,1000.00,0.00
4739,2019-03-11T01:38:57,Production,Tungsten 2.8%,"Production run 2.8% Tungsten, ps1=ps2=30000 ps3=ps4=15000 ps5=1500 ps6=1 ps7=ps8=0",0.04233,3115572,2137.38,2137.52,33.9357,1000.00,0.00
4738,2019-03-11T01:02:10,Production,Tungsten 2.8%,"Production run 2.8% Tungsten, ps1=ps2=30000 ps3=ps4=15000 ps5=1500 ps6=1 ps7=ps8=0",0.04429,3487479,2278.26,2137.51,34.033,1000.00,0.00
4737,2019-03-11T00:23:10,Production,Tungsten 2.8%,"Production run 2.8% Tungsten, ps1=ps2=30000 ps3=ps4=15000 ps5=1500 ps6=1 ps7=ps8=0",0.04462,3990693,2616.36,2137.48,34.2021,1000.00,0.00
4736,2019-03-10T23:37:51,Production,Tungsten 2.8%,"Production run 2.8% Tungsten, ps1=ps2=30000 ps3=ps4=15000 ps5=1500 ps6=1 ps7=ps8=0",0.04561,3808821,2410.56,2137.51,33.492,1000.00,0.00
4735,2019-03-10T22:56:44,Production,Tungsten 2.8%,"Production run 2.8% Tungsten, ps1=ps2=30000 ps3=ps4=15000 ps5=1500 ps6=1 ps7=ps8=0",0.04364,3607165,2396.64,2137.54,33.8097,1000.00,0.00
4734,2019-03-10T22:15:52,Production,Tungsten 2.8%,"Production run 2.8% Tungsten, ps1=ps2=30000 ps3=ps4=15000 ps5=1500 ps6=1 ps7=ps8=0",0.04628,3309143,2065.62,2137.52,33.6496,1000.00,0.00
4733,2019-03-10T21:40:29,Production,Tungsten 2.8%,"Production run 2.8% Tungsten, ps1=ps2=30000 ps3=ps4=15000 ps5=1500 ps6=1 ps7=ps8=0",0.04500,3556770,2275.38,2137.51,34.1544,1000.00,0.00
4732,2019-03-10T21:01:43,Production,Tungsten 2.8%,"Production run 2.8% Tungsten, ps1=ps2=30000 ps3=ps4=15000 ps5=1500 ps6=1 ps7=ps8=0",0.04385,3505986,2311.80,2137.56,34.1526,1000.00,0.00
4731,2019-03-10T20:22:12,Production,Tungsten 2.8%,"Production run 2.8% Tungsten, ps1=ps2=30000 ps3=ps4=15000 ps5=1500 ps6=1 ps7=ps8=0",0.04883,3504589,2080.74,2137.52,34.1677,1000.00,0.00
4730,2019-03-10T19:46:29,Production,Tungsten 2.8%,"Production run 2.8% Tungsten, ps1=ps2=30000 ps3=ps4=15000 ps5=1500 ps6=1 ps7=ps8=0",0.04430,3149683,2056.14,2137.52,33.4034,1000.00,0.00
4729,2019-03-10T19:11:12,Production,Tungsten 2.8%,"Production run 2.8% Tungsten, ps1=ps2=30000 ps3=ps4=15000 ps5=1500 ps6=1 ps7=ps8=0",0.04334,3615830,2422.44,2137.56,33.6706,1000.00,0.00
4728,2019-03-10T18:29:51,Production,Tungsten 2.8%,"Production run 2.8% Tungsten, ps1=ps2=30000 ps3=ps4=15000 ps5=1500 ps6=1 ps7=ps8=0",0.04371,3706514,2470.62,2137.55,33.4839,1000.00,0.00
4727,2019-03-10T17:47:45,Production,Tungsten 2.8%,"Production run 2.8% Tungsten, ps1=ps2=30000 ps3=ps4=15000 ps5=1500 ps6=1 ps7=ps8=0",0.03929,3423918,2505.54,2137.55,33.9313,1000.00,0.00
4726,2019-03-10T16:27:33,Production,Tungsten 2.8%,"Production run 2.8% Tungsten, ps1=ps2=30000 ps3=ps4=15000 ps5=1500 ps6=1 ps7=ps8=0",0.04326,1312375,2259.42,2138.14,0.0546232,1000.00,0.00
4725,2019-03-10T15:47:59,Production,Tungsten 2.8%,"Production run 2.8% Tungsten, ps1=ps2=30000 ps3=ps4=15000 ps5=1500 ps6=1 ps7=ps8=0",0.04790,1391572,846.78,2137.53,33.9537,1000.00,0.00
4720,2019-03-10T11:23:10,Production,Tungsten 2.8%,"Production run 2.8% Tungsten, ps1=ps2=30000 ps3=ps4=15000 ps5=1500 ps6=1 ps7=ps8=0",0.04655,3427349,2149.44,2137.55,33.8408,1000.00,0.00
4719,2019-03-10T10:44:46,Production,Tungsten 2.8%,"Production run 2.8% Tungsten, ps1=ps2=30000 ps3=ps4=15000 ps5=1500 ps6=1 ps7=ps8=0",0.04962,4066770,2396.94,2137.62,34.3779,1000.00,1000.00
4718,2019-03-10T10:03:47,Production,Tungsten 2.8%,"Production run 2.8% Tungsten, ps1=ps2=30000 ps3=ps4=15000 ps5=1500 ps6=1 ps7=ps8=0",0.05061,3961804,2314.26,2137.63,34.2449,1000.00,1000.00
4717,2019-03-10T09:24:18,Production,Tungsten 2.8%,"Production run 2.8% Tungsten, ps1=ps2=30000 ps3=ps4=15000 ps5=1500 ps6=1 ps7=ps8=0",0.04178,4189309,2905.98,2137.54,34.2355,1000.00,1000.00
4716,2019-03-10T08:35:06,Production,Tungsten 2.8%,"Production run 2.8% Tungsten, ps1=ps2=30000 ps3=ps4=15000 ps5=1500 ps6=1 ps7=ps8=0",0.04700,4081982,2595.06,2137.55,34.0135,1000.00,1000.00
4716,2019-03-10T08:34:20,Production,Tungsten 2.8%,"Production run 2.8% Tungsten, ps1=ps2=30000 ps3=ps4=15000 ps5=1500 ps6=1 ps7=ps8=0",0.04700,4081982,2551.08,2138.14,0.0560626,1000.00,1000.00
4715,2019-03-10T07:50:50,Production,Tungsten 2.8%,"Production run 2.8% Tungsten, ps1=ps2=30000 ps3=ps4=15000 ps5=1500 ps6=1 ps7=ps8=0",0.05064,3090689,1791.06,2137.56,33.9603,1000.00,1000.00
4714,2019-03-10T07:19:57,Production,Tungsten 2.8%,"Production run 2.8% Tungsten, ps1=ps2=30000 ps3=ps4=15000 ps5=1500 ps6=1 ps7=ps8=0",0.05118,3127348,1785.72,2137.55,33.9471,1000.00,1000.00
4713,2019-03-10T06:49:06,Production,Tungsten 2.8%,"Production run 2.8% Tungsten, ps1=ps2=30000 ps3=ps4=15000 ps5=1500 ps6=1 ps7=ps8=0",0.04194,3069765,2109.36,2137.58,33.8644,1000.00,1000.00
4712,2019-03-10T06:12:52,Production,Tungsten 2.8%,"Production run 2.8% Tungsten, ps1=ps2=30000 ps3=ps4=15000 ps5=1500 ps6=1 ps7=ps8=0",0.05136,3307066,1865.70,2137.56,34.1207,1000.00,1000.00
4711,2019-03-10T05:40:48,Production,Tungsten 2.8%,"Production run 2.8% Tungsten, ps1=ps2=30000 ps3=ps4=15000 ps5=1500 ps6=1 ps7=ps8=0",0.04893,3193682,1899.12,2137.58,34.2648,1000.00,1000.00
4710,2019-03-10T05:07:03,Production,Tungsten 2.8%,"Production run 2.8% Tungsten, ps1=ps2=30000 ps3=ps4=15000 ps5=1500 ps6=1 ps7=ps8=0",0.04606,3731297,2326.26,2137.62,34.22,1000.00,1000.00
4709,2019-03-10T04:27:15,Production,Tungsten 2.8%,"Production run 2.8% Tungsten, ps1=ps2=30000 ps3=ps4=15000 ps5=1500 ps6=1 ps7=ps8=0",0.04890,3335210,1974.54,2137.54,34.4814,1000.00,1000.00
4708,2019-03-10T03:53:06,Production,Tungsten 2.8%,"Production run 2.8% Tungsten, ps1=ps2=30000 ps3=ps4=15000 ps5=1500 ps6=1 ps7=ps8=0",0.04932,3026460,1779.48,2137.52,34.3536,1000.00,1000.00
4707,2019-03-10T03:22:14,Production,Tungsten 2.8%,"Production run 2.8% Tungsten, ps1=ps2=30000 ps3=ps4=15000 ps5=1500 ps6=1 ps7=ps8=0",0.04303,3065439,2052.42,2137.61,33.935,1000.00,1000.00
4706,2019-03-10T01:46:56,Production,Tungsten 2.8%,"Production run 2.8% Tungsten, ps1=ps2=30000 ps3=ps4=15000 ps5=1500 ps6=1 ps7=ps8=0",0.03672,3227640,2539.92,0,34.111,1000.00,1000.00
4705,2019-03-10T01:02:34,Production,Tungsten 2.8%,"Production run 2.8% Tungsten, ps1=ps2=30000 ps3=ps4=15000 ps5=1500 ps6=1 ps7=ps8=0",0.04298,3333143,2254.38,2137.36,34.3363,1000.00,1000.00
4704,2019-03-10T00:21:50,Production,Tungsten 2.8%,"Production run 2.8% Tungsten, ps1=ps2=30000 ps3=ps4=15000 ps5=1500 ps6=1 ps7=ps8=0",0.04791,3127619,1881.96,2137.5,33.8259,1000.00,1000.00
4703,2019-03-09T23:49:31,Production,Tungsten 2.8%,"Production run 2.8% Tungsten, ps1=ps2=30000 ps3=ps4=15000 ps5=1500 ps6=1 ps7=ps8=0",0.04703,4029244,2469.00,2137.52,34.2653,1000.00,1000.00
4702,2019-03-09T23:06:02,Production,Tungsten 2.8%,"Production run 2.8% Tungsten, ps1=ps2=30000 ps3=ps4=15000 ps5=1500 ps6=1 ps7=ps8=0",0.04909,3558508,2120.40,2137.4,21.0641,1000.00,1000.00
4701,2019-03-09T22:29:12,Production,Tungsten 2.8%,"Production run 2.8% Tungsten, ps1=ps2=30000 ps3=ps4=15000 ps5=1500 ps6=1 ps7=ps8=0",0.04696,3088163,1923.30,2138.14,0.0559804,1000.00,1000.00
4700,2019-03-09T21:54:55,Production,Tungsten 2.8%,"Production run 2.8% Tungsten, ps1=ps2=30000 ps3=ps4=15000 ps5=1500 ps6=1 ps7=ps8=0",0.04579,3204675,2035.38,2138.14,0.0560735,1000.00,1000.00
4699,2019-03-09T21:20:01,Production,Tungsten 2.8%,"Production run 2.8% Tungsten, ps1=ps2=30000 ps3=ps4=15000 ps5=1500 ps6=1 ps7=ps8=0",0.04087,3683855,2619.12,2137.67,0.0558681,1000.00,1000.00
4698,2019-03-09T20:35:28,Production,Tungsten 2.8%,"Production run 2.8% Tungsten, ps1=ps2=30000 ps3=ps4=15000 ps5=1500 ps6=1 ps7=ps8=0",0.04789,4019016,2423.70,2137.59,34.0112,1000.00,1000.00
4697,2019-03-09T19:54:04,Production,Tungsten 2.8%,"Production run 2.8% Tungsten, ps1=ps2=30000 ps3=ps4=15000 ps5=1500 ps6=1 ps7=ps8=0",0.04784,3107645,1881.90,2138.14,0.056137,1000.00,1000.00
4696,2019-03-09T19:21:49,Production,Tungsten 2.8%,"Production run 2.8% Tungsten, ps1=ps2=30000 ps3=ps4=15000 ps5=1500 ps6=1 ps7=ps8=0",0.04740,4017336,2447.70,2137.52,33.7785,1000.00,1000.00
4695,2019-03-09T18:40:00,Production,Tungsten 2.8%,"Production run 2.8% Tungsten, ps1=ps2=30000 ps3=ps4=15000 ps5=1500 ps6=1 ps7=ps8=0",0.04455,3603461,2327.16,2138.14,0.0560786,1000.00,1000.00
4694,2019-03-09T17:35:37,Production,Tungsten 2.8%,"Production run 2.8% Tungsten, ps1=ps2=30000 ps3=ps4=15000 ps5=1500 ps6=1 ps7=ps8=0",0.03117,2514757,2630.04,2138.14,0.0558772,1000.00,1000.00
4693,2019-03-09T16:50:46,Production,Tungsten 2.8%,"Production run 2.8% Tungsten, ps1=ps2=30000 ps3=ps4=15000 ps5=1500 ps6=1 ps7=ps8=0",0.04144,3248141,2273.76,2137.53,34.8916,1000.00,1000.00
4692,2019-03-09T16:11:51,Production,Tungsten 2.8%,"Production run 2.8% Tungsten, ps1=ps2=30000 ps3=ps4=15000 ps5=1500 ps6=1 ps7=ps8=0",0.05071,3065446,1752.00,2137.59,33.6941,1000.00,1000.00
4691,2019-03-09T15:41:41,Production,Tungsten 2.8%,"Production run 2.8% Tungsten, ps1=ps2=30000 ps3=ps4=15000 ps5=1500 ps6=1 ps7=ps8=0",0.04966,3191643,1864.98,2137.56,33.5389,1000.00,1000.00
4690,2019-03-09T15:08:52,Production,Tungsten 2.8%,"Production run 2.8% Tungsten, ps1=ps2=30000 ps3=ps4=15000 ps5=1500 ps6=1 ps7=ps8=0",0.04737,3288975,2014.80,2137.61,34.6277,1000.00,1000.00
4689,2019-03-09T14:33:40,Production,Tungsten 2.8%,"Production run 2.8% Tungsten, ps1=ps2=30000 ps3=ps4=15000 ps5=1500 ps6=1 ps7=ps8=0",0.04786,3082688,1867.86,2137.65,34.8466,1000.00,1000.00
4688,2019-03-09T14:01:28,Production,Tungsten 2.8%,"Production run 2.8% Tungsten, ps1=ps2=30000 ps3=ps4=15000 ps5=1500 ps6=1 ps7=ps8=0",0.04694,4015301,2483.22,2137.58,33.9392,1000.00,1000.00
4687,2019-03-09T13:19:25,Production,Tungsten 2.8%,"Production run 2.8% Tungsten, ps1=ps2=30000 ps3=ps4=15000 ps5=1500 ps6=1 ps7=ps8=0",0.04424,3249415,2132.64,2137.72,34.742,1000.00,1000.00
4686,2019-03-09T12:42:38,Production,Tungsten 2.8%,"Production run 2.8% Tungsten, ps1=ps2=30000 ps3=ps4=15000 ps5=1500 ps6=1 ps7=ps8=0",0.04392,2418177,1702.86,2138.14,0.055801,1000.00,1000.00
4685,2019-03-09T12:13:15,Production,Tungsten 2.8%,"Production run 2.8% Tungsten, ps1=ps2=30000 ps3=ps4=15000 ps5=1500 ps6=1 ps7=ps8=0",0.04969,3264783,1916.46,2137.58,34.7697,1000.00,1000.00
4684,2019-03-09T11:39:12,Production,Tungsten 2.8%,"Production run 2.8% Tungsten, ps1=ps2=30000 ps3=ps4=15000 ps5=1500 ps6=1 ps7=ps8=0",0.04339,3018522,2034.72,2137.5,33.8367,1000.00,1000.00
4683,2019-03-09T11:04:21,Production,Tungsten 2.8%,"Production run 2.8% Tungsten, ps1=ps2=30000 ps3=ps4=15000 ps5=1500 ps6=1 ps7=ps8=0",0.04821,3240249,1966.20,2137.57,34.3243,1000.00,1000.00
4682,2019-03-09T10:30:20,Production,Tungsten 2.8%,"Production run 2.8% Tungsten, ps1=ps2=30000 ps3=ps4=15000 ps5=1500 ps6=1 ps7=ps8=0",0.04798,3011114,1824.24,2137.55,34.1918,1000.00,1000.00
4681,2019-03-09T09:58:56,Production,Tungsten 2.8%,"Production run 2.8% Tungsten, ps1=ps2=30000 ps3=ps4=15000 ps5=1500 ps6=1 ps7=ps8=0",0.03797,3019732,2289.72,2137.59,34.3485,1000.00,1000.00
4680,2019-03-09T09:19:52,Production,Tungsten 2.8%,"Production run 2.8% Tungsten, ps1=ps2=30000 ps3=ps4=15000 ps5=1500 ps6=1 ps7=ps8=0",0.03473,3053249,2542.02,2137.52,35.0774,1000.00,1000.00
4679,2019-03-09T08:35:41,Production,Tungsten 2.8%,"Production run 2.8% Tungsten, ps1=ps2=30000 ps3=ps4=15000 ps5=1500 ps6=1 ps7=ps8=0",0.04607,3102190,1957.38,2137.62,34.1535,1000.00,1000.00
4678,2019-03-09T08:02:24,Production,Tungsten 2.8%,"Production run 2.8% Tungsten, ps1=ps2=30000 ps3=ps4=15000 ps5=1500 ps6=1 ps7=ps8=0",0.04202,2831603,2094.54,2137.53,33.9845,1000.00,1000.00
4677,2019-03-09T07:24:43,Production,Tungsten 2.8%,"Production run 2.8% Tungsten, ps1=ps2=30000 ps3=ps4=15000 ps5=1500 ps6=1 ps7=ps8=0",0.04414,3003450,1991.58,2137.54,33.9923,1000.00,1000.00
4676,2019-03-09T06:50:31,Production,Tungsten 2.8%,"Production run 2.8% Tungsten, ps1=ps2=30000 ps3=ps4=15000 ps5=1500 ps6=1 ps7=ps8=0",0.04114,3007400,2115.42,2137.53,35.0132,1000.00,1000.00
4675,2019-03-09T06:14:04,Production,Tungsten 2.8%,"Production run 2.8% Tungsten, ps1=ps2=30000 ps3=ps4=15000 ps5=1500 ps6=1 ps7=ps8=0",0.04912,3044462,1815.96,2137.58,34.6839,1000.00,1000.00
4674,2019-03-09T05:42:54,Production,Tungsten 2.8%,"Production run 2.8% Tungsten, ps1=ps2=30000 ps3=ps4=15000 ps5=1500 ps6=1 ps7=ps8=0",0.05062,3050912,1760.10,2137.59,33.8299,1000.00,1000.00
4673,2019-03-09T05:11:32,Production,Tungsten 2.8%,"Production run 2.8% Tungsten, ps1=ps2=30000 ps3=ps4=15000 ps5=1500 ps6=1 ps7=ps8=0",0.04925,3018081,1794.84,2137.59,34.7366,1000.00,1000.00
4672,2019-03-09T04:39:15,Production,Tungsten 2.8%,"Production run 2.8% Tungsten, ps1=ps2=30000 ps3=ps4=15000 ps5=1500 ps6=1 ps7=ps8=0",0.04430,3012794,1961.16,2137.53,35.0032,1000.00,1000.00
4671,2019-03-09T04:06:00,Production,Tungsten 2.8%,"Production run 2.8% Tungsten, ps1=ps2=30000 ps3=ps4=15000 ps5=1500 ps6=1 ps7=ps8=0",0.04200,3009969,2055.72,2138.14,0.0558572,1000.00,1000.00
4670,2019-03-09T03:30:10,Production,Tungsten 2.8%,"Production run 2.8% Tungsten, ps1=ps2=30000 ps3=ps4=15000 ps5=1500 ps6=1 ps7=ps8=0",0.04459,3075437,1986.90,2137.54,34.5815,1000.00,1000.00
4669,2019-03-09T02:56:02,Production,Tungsten 2.8%,"Production run 2.8% Tungsten, ps1=ps2=30000 ps3=ps4=15000 ps5=1500 ps6=1 ps7=ps8=0",0.04682,5133544,3186.90,2137.65,8.4142,1000.00,1000.00
4668,2019-03-09T01:38:28,Production,Tungsten 2.8%,"Production run 2.8% Tungsten, ps1=ps2=30000 ps3=ps4=15000 ps5=1500 ps6=1 ps7=ps8=0",0.02074,1117454,2029.86,2138.14,0.0558961,1000.00,1000.00
4667,2019-03-09T01:03:59,Production,Tungsten 2.8%,"Production run 2.8% Tungsten, ps1=ps2=30000 ps3=ps4=15000 ps5=1500 ps6=1 ps7=ps8=0 current=30uA",0.03370,3137513,2694.12,2138.14,0.0558246,1000.00,1000.00
4666,2019-03-09T00:16:46,Production,Tungsten 2.8%,"Production run 2.8% Tungsten, ps1=ps2=30000 ps3=ps4=15000 ps5=1500 ps6=1 ps7=ps8=0 Beam position x=2.0 y=1.8",0.02930,3033219,3030.72,2137.59,33.8272,1000.00,1000.00
4665,2019-03-08T23:23:45,Production,Tungsten 2.8%,"Production run 2.8% Tungsten, ps1=ps2=30000 ps3=ps4=15000 ps5=1500 ps6=1 ps7=ps8=0 Running rate check versus x beam position",0.03623,1760461,1385.40,2137.6,33.6982,1000.00,1000.00
4664,2019-03-08T22:58:09,Production,Tungsten 2.8%,"Production run 2.8% Tungsten, ps1=ps2=30000 ps3=ps4=15000 ps5=1500 ps6=1 ps7=ps8=0 Running rate check versus x beam position",0.03492,630641,873.30,2138.14,0.0559533,1000.00,1000.00
4663,2019-03-08T22:12:56,Production,Tungsten 2.8%,"Production run 2.8% Tungsten, ps1=ps2=30000 ps3=ps4=15000 ps5=1500 ps6=1 ps7=ps8=0 Running rate check versus x beam position",0.02752,461597,1002.24,2138.14,0.0556767,1000.00,1000.00
4662,2019-03-08T21:21:06,SciFi,Bogdan Wire,SciFi with beam 0.12 micro,0.06450,316481,2374.26,2137.65,0.146674,1000.00,1000.00
4658,2019-03-08T16:53:06,Optics,Tungsten Wires,"sieve IN, 5 micro",1.00000,124066,19.86,2137.54,4.74539,1000.00,1000.00
4657,2019-03-08T16:03:39,Optics,Tungsten Wires,"sieve IN, 5 micro",0.00867,305440,1214.76,2138.14,0.0557258,1000.00,1000.00
4656,2019-03-08T15:41:09,Optics,Tungsten Wires,"sieve IN, 5 micro",0.00974,256803,769.38,2137.39,5.10075,0.00,1000.00
4655,2019-03-08T15:24:50,Optics,Tungsten Wires,"sieve IN, 5 micro",0.01009,243204,699.18,2137.46,5.13403,0.00,1000.00
4650,2019-03-08T13:33:28,Optics,Bogdan Wire,"V3 wire, x=3.2, sieve IN, 5 micro",0.00709,1011231,4086.12,2137.53,5.511,1000.00,1000.00
4649,2019-03-08T12:23:25,Optics,Bogdan Wire,"V3 wire, x=3.7, sieve IN, 5 micro",0.01250,588055,1362.78,2137.44,5.67496,1000.00,1000.00
4648,2019-03-08T11:55:01,Optics,Bogdan Wire,"V1 wire, x=0.1, sieve IN, 5 micro",0.05274,1119150,655.26,2137.35,5.6356,1000.00,1000.00
4647,2019-03-08T11:38:32,Optics,Bogdan Wire,"V1 wire, x=2.2, sieve IN, 5 micro",0.03743,1011711,781.38,2137.44,5.58097,1000.00,1000.00
4646,2019-03-08T11:17:18,Optics,Bogdan Wire,"V1 wire, x=2.7, sieve IN, 5 micro",0.01465,568284,1117.26,2137.46,5.80528,1000.00,1000.00
4645,2019-03-08T10:57:39,Optics,Bogdan Wire,"V1 wire, x=2.7, sieve IN, 5 micro",0.00020,9897,971.70,2137.45,5.73211,1000.00,1000.00
4644,2019-03-08T10:30:21,SciFi,Bogdan Wire,"SciFi left arm latency test, HV = 700V, ps1 = 1, Lat = 192, win = 40, narrowed around suggested time peak, current raised to 0.5 micro",0.07831,49519,411.84,2138.14,0.0558147,1000.00,1000.00
4643,2019-03-08T10:21:50,SciFi,Bogdan Wire,"SciFi left arm latency test, HV = 725V, ps1 = 1, Lat = 192, win = 40, narrowed around suggested time peak, current raised to 0.5 micro",0.04429,96225,755.28,2137.48,0.533012,1000.00,1000.00
4642,2019-03-08T10:08:11,SciFi,Bogdan Wire,"SciFi left arm latency test, HV = 725V, ps1 = 1, Lat = 192, win = 40, narrowed around suggested time peak, current raised to 0.5 micro",0.06578,124757,3520.98,2137.44,0.508972,1000.00,1000.00
4641,2019-03-08T09:06:12,SciFi,Bogdan Wire,"SciFi left arm latency test, HV = 725V, ps1 = 1, Lat = 192, win = 40, narrowed around suggested time peak",0.02475,8444,566.76,2137.53,0.179163,1000.00,1000.00
4640,2019-03-08T08:45:00,SciFi,Bogdan Wire,"SciFi left arm latency test, HV = 725V, ps1 = 1, Lat = 300, win = 200",0.04880,17013,666.12,2137.78,0.124828,1000.00,1000.00
4639,2019-03-08T05:26:49,Cosmics,HOME,"cosmics, ps1=ps4=1, ps2=ps3=ps5=ps6=ps7=ps8=0, RHRS HV VDC powered on",0.00039,56232,5673.60,2137.75,1.16062,1000.00,1000.00
4638,2019-03-08T03:51:01,Cosmics,HOME,"cosmics, ps1=ps4=1, ps2=ps3=ps5=ps6=ps7=ps8=0, RHRS HV VDC powered on",0.00070,141319,14253.24,2136.94,0.0557635,1000.00,1000.00
4637,2019-03-07T23:52:50,Cosmics,HOME,"cosmics, ps1=ps4=1, ps2=ps3=ps5=ps6=ps7=ps8=0, RHRS HV VDC powered on",0.00039,16698,1675.86,2136.94,0.0559177,1000.00,1000.00
4636,2019-03-07T23:23:38,Cosmics,HOME,"cosmics, ps1=ps4=1, ps2=ps3=ps5=ps6=ps7=ps8=0, RHRS HV VDC powered on",0.00000,2,2583.72,2136.94,0.0559441,1000.00,1000.00
4635,2019-03-07T22:39:09,Cosmics,HOME,"cosmics, ps1=ps4=1, ps2=ps3=ps5=ps6=ps7=ps8=0, RHRS HV VDC powered on",0.00000,3,3735.30,2136.94,0.0558949,1000.00,1000.00
4634,2019-03-07T21:35:46,Cosmics,HOME,"cosmics, ps1=ps4=1, ps2=ps3=ps5=ps6=ps7=ps8=0, RHRS HV VDC powered on",0.00039,62495,6298.92,2136.94,0.0560381,1000.00,1000.00
4633,2019-03-07T19:49:57,Cosmics,HOME,"cosmics, ps1=ps4=1, ps2=ps3=ps5=ps6=ps7=ps8=0, RHRS HV VDC powered on",0.00067,139741,14063.40,2136.94,0.0558708,1000.00,1000.00
4632,2019-03-07T15:54:49,Cosmics,HOME,"cosmics, ps1=ps4=1, ps2=ps3=ps5=ps6=ps7=ps8=0, RHRS HV VDC powered on",0.00039,7518,756.72,2136.94,0.0558473,1000.00,1000.00
4631,2019-03-07T15:40:53,Cosmics,HOME,"cosmics, ps1=ps4=1, ps2=ps3=ps5=ps6=ps7=ps8=0, RHRS HV VDC 2 reset",0.00039,5169,526.26,2136.94,0.0555874,1000.00,1000.00
4630,2019-03-07T15:31:28,Cosmics,HOME,"cosmics, ps1=ps4=1, ps2=ps3=ps5=ps6=ps7=ps8=0, RHRS VDC",0.00039,2904,297.60,2136.94,0.0557797,1000.00,1000.00
4629,2019-03-07T15:25:23,Cosmics,HOME,"cosmics, ps1=ps4=1, ps2=ps3=ps5=ps6=ps7=ps8=0, RHRS VDC HV ramped down and up",0.00000,2404,240.24,2136.94,0.0557685,1000.00,1000.00
4628,2019-03-07T15:20:04,Cosmics,HOME,"cosmics, ps1=ps4=1, ps2=ps3=ps5=ps6=ps7=ps8=0",0.00040,22340,2247.78,2136.94,0.0557825,1000.00,1000.00
4627,2019-03-07T14:40:36,Cosmics,HOME,"cosmics, ps1=ps4=1, ps2=ps3=ps5=ps6=ps7=ps8=0",0.00060,132565,13387.08,2136.94,0.0558439,1000.00,1000.00
4626,2019-03-07T10:52:28,Cosmics,HOME,"cosmics, ps1=ps4=1, ps2=ps3=ps5=ps6=ps7=ps8=0",0.00039,62175,6280.32,2136.94,0.0557744,1000.00,1000.00
4625,2019-03-07T09:07:16,Cosmics,HOME,"cosmics, ps1=ps4=1, ps2=ps3=ps5=ps6=ps7=ps8=0",0.00036,8102,999.60,2136.94,0.0558661,1000.00,1000.00
4624,2019-03-07T08:43:14,SciFi,Tungsten 2.8%,"cosmics, SciFi HV = 750V, Left SciFi lat = win = 130, Right SciFi lat = win = 150, testing writing fad config to coda file, T7 HV changed to",0.08176,666714,1.02,2136.94,0.0559453,1000.00,1000.00
4623,2019-03-06T12:20:00,SciFi,Tungsten 2.8%,"cosmics, SciFi HV = 725V, Left SciFi lat = win = 130, Right SciFi lat = win = 150, testing writing fad config to coda file, T7 HV changed to",0.04212,518490,10098.96,2136.94,0.0557698,0.00,0.00
4623,2019-03-06T12:18:24,SciFi,Tungsten 2.8%,"cosmics, SciFi HV = 725V, Left SciFi lat = win = 130, Right SciFi lat = win = 150, testing writing fad config to coda file, T7 HV changed to",0.04212,518490,9984.84,2136.94,0.0559662,0.00,0.00
4622,2019-03-05T22:02:08,SciFi,Tungsten 2.8%,"cosmics, SciFi HV = 725V, Left SciFi lat = win = 130, Right SciFi lat = win = 150, testing writing fad config to coda file",0.02847,4619115,9703.26,2136.94,0.0558884,0.00,1000.00
4621,2019-03-05T18:58:45,SciFi,Tungsten 2.8%,"cosmics, SciFi HV = 725V, Left SciFi lat = win = 130, Right SciFi lat = win = 150",0.02972,452044,949.38,2136.94,0.0558084,0.00,1000.00
4620,2019-03-05T18:40:07,Cosmics,Tungsten 2.8%,cosmics,0.00064,140224,13883.82,2136.94,0.0559254,0.00,1000.00
4618,2019-03-05T09:02:59,Production,Tungsten 2.8%,"ps1=ps2=30000, ps3=ps4=15000, ps5=1500, ps6=1, ps7=ps8=0,I=30uA, LHRS VDC HV=3650",0.02631,2207901,2556.66,2221.56,0.0560458,1000.00,1000.00
4617,2019-03-05T08:19:11,Production,Tungsten 2.8%,"ps1=ps2=30000, ps3=ps4=15000, ps5=1500, ps6=1, ps7=ps8=0,I=30uA, LHRS VDC HV=3650",0.03194,3060345,2754.24,2221.37,33.615,1000.00,1000.00
4616,2019-03-05T07:31:45,Production,Tungsten 2.8%,"ps1=ps2=30000, ps3=ps4=15000, ps5=1500, ps6=1, ps7=ps8=0,I=30uA, LHRS VDC HV=3650",0.02896,3025690,3019.86,2221.56,0.0560328,1000.00,1000.00
4615,2019-03-05T06:40:09,Production,Tungsten 2.8%,"ps1=ps2=30000, ps3=ps4=15000, ps5=1500, ps6=1, ps7=ps8=0,I=30uA, LHRS VDC HV=3650",0.02663,3021081,3246.12,2221.34,33.9548,1000.00,1000.00
4614,2019-03-04T23:47:44,Production,Tungsten 2.8%,"ps1=ps2=30000, ps3=ps4=15000, ps5=1500, ps6=1, ps7=ps8=0,I=30uA, LHRS VDC HV=3650",0.03600,1821484,1777.80,2221.56,0.0561471,1000.00,1000.00
4613,2019-03-04T23:16:41,Production,Tungsten 2.8%,"ps1=ps2=30000, ps3=ps4=15000, ps5=1500, ps6=1, ps7=ps8=0,I=30uA, LHRS VDC HV=3650",0.03150,3023571,2790.66,2221.56,0.0559181,1000.00,1000.00
4612,2019-03-04T22:29:00,Production,Tungsten 2.8%,"ps1=ps2=30000, ps3=ps4=15000, ps5=1500, ps6=1, ps7=ps8=0,I=30uA, LHRS VDC HV=3650",0.03061,3010108,2833.08,2221.37,34.1414,1000.00,1000.00
4611,2019-03-04T21:40:48,Production,Tungsten 2.8%,"ps1=ps2=30000, ps3=ps4=15000, ps5=1500, ps6=1, ps7=ps8=0,I=30uA, LHRS VDC HV=3650",0.03423,3007182,2529.78,2221.35,33.8311,1000.00,1000.00
4610,2019-03-04T20:57:41,Production,Tungsten 2.8%,"ps1=ps2=30000, ps3=ps4=15000, ps5=1500, ps6=1, ps7=ps8=0,I=30uA, LHRS VDC HV=3650",0.02644,3007967,3251.40,2221.35,33.6985,1000.00,1000.00
4609,2019-03-04T20:02:31,Production,Tungsten 2.8%,"ps1=ps2=30000, ps3=ps4=15000, ps5=1500, ps6=1, ps7=ps8=0,I=30uA, LHRS VDC HV=3650",0.03572,3033697,2455.56,2221.32,33.8411,1000.00,1000.00
4608,2019-03-04T19:20:26,Production,Tungsten 2.8%,"ps1=ps2=30000, ps3=ps4=15000, ps5=1500, ps6=1, ps7=ps8=0,I=30uA, LHRS VDC HV=3650",0.03208,3028374,2706.66,2221.34,33.959,1000.00,1000.00
4607,2019-03-04T18:33:43,Production,Tungsten 2.8%,"ps1=ps2=30000, ps3=ps4=15000, ps5=1500, ps6=1, ps7=ps8=0,I=30uA, LHRS VDC HV=3650",0.02725,3008365,3161.82,2221.33,34.0833,1000.00,1000.00
4606,2019-03-04T17:29:41,Production,Tungsten 2.8%,"ps1=ps2=30000, ps3=ps4=15000, ps5=1500, ps6=1, ps7=ps8=0,I=30uA, LHRS VDC HV=3650",0.00473,155815,9808.20,2221.56,0.0557932,1000.00,1000.00
4605,2019-03-04T14:44:38,Production,Tungsten 2.8%,"ps1=ps2=30000, ps3=ps4=15000, ps5=1500, ps6=1, ps7=ps8=0,I=30uA, LHRS VDC HV=3650",0.02364,2659758,3889.62,2221.56,0.0560884,1000.00,1000.00
4604,2019-03-04T13:38:37,Production,Tungsten 2.8%,"ps1=ps2=30000, ps3=ps4=15000, ps5=1500, ps6=1, ps7=ps8=0,I=30uA, LHRS VDC HV=3650",0.01750,3003547,4893.42,2221.31,33.7442,1000.00,1000.00
4603,2019-03-04T12:14:55,Production,Tungsten 2.8%,"ps1=ps2=30000, ps3=ps4=15000, ps5=1500, ps6=1, ps7=ps8=0,I=30uA, LHRS VDC HV=3650",0.00536,125549,824.76,2221.56,0.0558099,1000.00,1000.00
4602,2019-03-04T11:59:54,Production,Tungsten 2.8%,"ps1=ps2=30000, ps3=ps4=15000, ps5=1500, ps6=1, ps7=ps8=0,I=30uA, LHRS VDC HV=3650",0.02896,3006711,2967.24,2221.74,34.2085,1000.00,1000.00
4601,2019-03-04T11:09:25,Production,Tungsten 2.8%,"ps1=ps2=30000, ps3=ps4=15000, ps5=1500, ps6=1, ps7=ps8=0,I=30uA, LHRS VDC HV=3650",0.02685,3154513,3427.98,2221.51,34.5426,1000.00,1000.00
4600,2019-03-04T10:11:17,Production,Tungsten 2.8%,"ps1=ps2=30000, ps3=ps4=15000, ps5=1500, ps6=1, ps7=ps8=0,I=30uA, LHRS VDC HV=3650",0.01044,1410784,4029.42,2221.56,1.75907,1000.00,1000.00
4599,2019-03-04T09:02:28,Production,Tungsten 2.8%,"ps1=ps2=30000, ps3=ps4=15000, ps5=1500, ps6=1, ps7=ps8=0,I=30uA",0.02955,186214,174.18,2221.36,28.2604,1000.00,1000.00
4596,2019-03-04T08:50:39,Production,Tungsten 2.8%,"ps1=ps2=30000, ps3=ps4=15000, ps5=1500, ps6=1, ps7=ps8=0,I=30uA",1.00000,3,96.96,2221.56,0.0558974,1000.00,1000.00
4591,2019-03-04T07:58:58,Production,Tungsten 2.8%,"ps1=ps2=30000, ps3=ps4=15000, ps5=1500, ps6=1, ps7=ps8=0,I=30uA",0.00000,0,131.34,2221.33,34.9843,1000.00,1000.00
4590,2019-03-04T07:53:14,Production,Tungsten 2.8%,"ps1=ps2=30000, ps3=ps4=15000, ps5=1500, ps6=1, ps7=ps8=0,I=30uA",1.00000,0,51.24,2221.36,34.4014,1000.00,1000.00
4589,2019-03-04T07:48:47,Production,Tungsten 2.8%,"ps1=ps2=30000, ps3=ps4=15000, ps5=1500, ps6=1, ps7=ps8=0,I=30uA",1.00000,0,9.90,2221.41,34.4368,1000.00,1000.00
4586,2019-03-04T07:29:30,Production,Tungsten 2.8%,"ps1=ps2=30000, ps3=ps4=15000, ps5=1500, ps6=1, ps7=ps8=0,I=30uA",0.00000,0,674.88,2221.39,34.4944,1000.00,1000.00
4585,2019-03-04T06:16:29,Production,Tungsten 2.8%,"ps1=ps2=30000, ps3=ps4=15000, ps5=1500, ps6=1, ps7=ps8=0,I=30uA",0.00000,53,1307.76,2221.56,0.0557968,1000.00,1000.00
4584,2019-03-04T05:53:20,Production,Tungsten 2.8%,"ps1=ps2=30000, ps3=ps4=15000, ps5=1500, ps6=1, ps7=ps8=0,I=30uA",0.03255,3005735,2681.52,2221.39,34.4587,1000.00,1000.00
4583,2019-03-04T05:07:43,Production,Tungsten 2.8%,"ps1=ps2=30000, ps3=ps4=15000, ps5=1500, ps6=1, ps7=ps8=0,I=30uA",0.01607,3271117,5807.88,2221.34,34.2543,1000.00,1000.00
4582,2019-03-04T03:29:54,Production,Tungsten 2.8%,"ps1=ps2=30000, ps3=ps4=15000, ps5=1500, ps6=1, ps7=ps8=0,I=30uA",0.03340,3000474,2605.50,2221.37,0.0560354,1000.00,1000.00
4581,2019-03-04T02:45:25,Production,Tungsten 2.8%,"ps1=ps2=30000, ps3=ps4=15000, ps5=1500, ps6=1, ps7=ps8=0,I=30uA",0.03366,3176686,2743.44,2221.37,34.3011,1000.00,1000.00
4580,2019-03-04T01:55:49,Production,Tungsten 2.8%,"ps1=ps2=30000, ps3=ps4=15000, ps5=1500, ps6=1, ps7=ps8=0,I=30uA",0.02892,3096264,3101.10,2221.33,33.9595,1000.00,1000.00
4579,2019-03-04T01:03:10,Production,Tungsten 2.8%,"ps1=ps2=30000, ps3=ps4=15000, ps5=1500, ps6=1, ps7=ps8=0,I=30uA",0.02072,3008929,4139.22,2221.56,0.0561804,1000.00,1000.00
4578,2019-03-03T23:53:15,Production,Tungsten 2.8%,"ps1=ps2=30000, ps3=ps4=15000, ps5=1500, ps6=1, ps7=ps8=0,I=30uA",0.02684,3012498,3304.08,2221.38,34.3996,1000.00,1000.00
4577,2019-03-03T22:56:57,Production,Tungsten 2.8%,"ps1=ps2=30000, ps3=ps4=15000, ps5=1500, ps6=1, ps7=ps8=0,I=30uA",0.02318,3006706,3705.00,2221.3,34.0839,1000.00,1000.00
4576,2019-03-03T21:52:50,Production,Tungsten 2.8%,"ps1=ps2=30000, ps3=ps4=15000, ps5=1500, ps6=1, ps7=ps8=0,I=30uA",1.00000,67801,48.48,2221.35,34.0962,1000.00,1000.00
4575,2019-03-03T21:49:49,Production,Tungsten 2.8%,"ps1=ps2=30000, ps3=ps4=15000, ps5=1500, ps6=1, ps7=ps8=0,I=30uA",0.02994,770651,759.12,2221.31,34.1483,1000.00,1000.00
4574,2019-03-03T21:35:21,Production,Tungsten 2.8%,"ps1=ps2=30000, ps3=ps4=15000, ps5=1500, ps6=1, ps7=ps8=0,I=30uA",0.02110,3001981,4144.02,2221.37,34.0739,1000.00,1000.00
4573,2019-03-03T20:25:21,Production,Tungsten 2.8%,"ps1=ps2=30000, ps3=ps4=15000, ps5=1500, ps6=1, ps7=ps8=0,I=30uA",0.02127,3010371,4054.92,2221.37,34.2042,1000.00,1000.00
4572,2019-03-03T19:16:32,Production,Tungsten 2.8%,"ps1=ps2=30000, ps3=ps4=15000, ps5=1500, ps6=1, ps7=ps8=0,I=30uA",0.03275,3006401,2653.92,2221.37,34.2656,1000.00,1000.00
4571,2019-03-03T18:31:20,Production,Tungsten 2.8%,"ps1=ps2=30000, ps3=ps4=15000, ps5=1500, ps6=1, ps7=ps8=0,I=30uA",0.02951,3004171,2926.26,2221.32,34.0713,1000.00,1000.00
4570,2019-03-03T17:41:16,Production,Tungsten 2.8%,"ps1=ps2=30000, ps3=ps4=15000, ps5=1500, ps6=1, ps7=ps8=0,I=30uA",0.02548,3003548,3374.52,2221.36,34.0893,1000.00,1000.00
4569,2019-03-03T16:43:57,Production,Tungsten 2.8%,"ps1=ps2=30000, ps3=ps4=15000, ps5=1500, ps6=1, ps7=ps8=0,I=30uA",0.02872,3003869,3010.56,2221.56,0.0560562,1000.00,1000.00
4568,2019-03-03T15:52:42,Production,Tungsten 2.8%,"ps1=ps2=30000, ps3=ps4=15000, ps5=1500, ps6=1, ps7=ps8=0,I=30uA",0.03008,3005176,2875.08,2221.36,34.3291,1000.00,1000.00
4567,2019-03-03T15:03:51,Production,Tungsten 2.8%,"ps1=ps2=30000, ps3=ps4=15000, ps5=1500, ps6=1, ps7=ps8=0,I=30uA",0.03439,2999750,2529.00,2221.35,34.1029,1000.00,1000.00
4566,2019-03-03T14:20:47,Production,Tungsten 2.8%,"ps1=ps2=30000, ps3=ps4=15000, ps5=1500, ps6=1, ps7=ps8=0,I=30uA",0.03555,3001388,2551.50,2221.35,34.6547,1000.00,1000.00
4565,2019-03-03T13:37:02,Production,Tungsten 2.8%,"ps1=ps2=30000, ps3=ps4=15000, ps5=1500, ps6=1, ps7=ps8=0,I=30uA",0.03198,2963183,2675.34,2221.4,33.6927,1000.00,1000.00
4564,2019-03-03T12:51:21,Production,Tungsten 2.8%,"ps1=ps2=30000, ps3=ps4=15000, ps5=1500, ps6=1, ps7=ps8=0,I=30uA",0.03028,3001048,2852.04,2221.34,34.4257,1000.00,1000.00
4563,2019-03-03T12:02:51,Production,Tungsten 2.8%,"ps1=ps2=30000, ps3=ps4=15000, ps5=1500, ps6=1, ps7=ps8=0,I=30uA",0.03439,3021642,2557.44,2221.37,34.3918,1000.00,1000.00
4562,2019-03-03T11:18:39,Production,Tungsten 2.8%,"ps1=ps2=30000, ps3=ps4=15000, ps5=1500, ps6=1, ps7=ps8=0,I=30uA",0.03245,3003027,2689.02,2221.32,34.2806,1000.00,1000.00
4561,2019-03-03T10:32:43,Production,Tungsten 2.8%,"ps1=ps2=30000, ps3=ps4=15000, ps5=1500, ps6=1, ps7=ps8=0,I=30uA",0.02206,2996750,3882.24,2221.37,34.2286,1000.00,1000.00
4560,2019-03-03T09:27:00,Production,Tungsten 2.8%,"ps1=ps2=30000, ps3=ps4=15000, ps5=1500, ps6=1, ps7=ps8=0,I=30uA",0.02627,2917865,3217.38,2221.39,34.2213,1000.00,1000.00
4559,2019-03-03T08:32:19,Production,Tungsten 2.8%,"ps1=ps2=30000, ps3=ps4=15000, ps5=1500, ps6=1, ps7=ps8=0,I=30uA",0.03132,3002697,2754.72,2221.56,0.0559706,1000.00,1000.00
4558,2019-03-03T07:45:29,Production,Tungsten 2.8%,"ps1=ps2=30000, ps3=ps4=15000, ps5=1500, ps6=1, ps7=ps8=0,I=30uA",0.02369,3004691,3652.62,2221.37,34.3863,1000.00,1000.00
4557,2019-03-03T06:43:48,Production,Tungsten 2.8%,"ps1=ps2=30000, ps3=ps4=15000, ps5=1500, ps6=1, ps7=ps8=0,I=30uA",0.02302,3005690,3809.40,2221.34,34.4657,1000.00,1000.00
4556,2019-03-03T05:39:22,Production,Tungsten 2.8%,"ps1=ps2=30000, ps3=ps4=15000, ps5=1500, ps6=1, ps7=ps8=0,I=30uA",0.02992,3013693,2964.18,2221.36,33.9951,1000.00,1000.00
4555,2019-03-03T04:49:03,Production,Tungsten 2.8%,"ps1=ps2=30000, ps3=ps4=15000, ps5=1500, ps6=1, ps7=ps8=0,I=30uA",0.02700,3014209,3232.38,2221.38,34.4164,1000.00,1000.00
4554,2019-03-03T03:54:00,Production,Tungsten 2.8%,"ps1=ps2=30000, ps3=ps4=15000, ps5=1500, ps6=1, ps7=ps8=0,I=30uA",0.02407,3159548,3781.02,2221.37,33.7005,1000.00,1000.00
4553,2019-03-03T02:49:54,Production,Tungsten 2.8%,"ps1=ps2=30000, ps3=ps4=15000, ps5=1500, ps6=1, ps7=ps8=0,I=30uA",0.02967,3244747,3175.26,2221.32,34.4134,1000.00,1000.00
4552,2019-03-03T01:52:24,Production,Tungsten 2.8%,"ps1=ps2=30000, ps3=ps4=15000, ps5=1500, ps6=1, ps7=ps8=0,I=30uA",0.00545,792342,4403.52,2221.56,0.0560199,1000.00,1000.00
4551,2019-03-03T00:37:38,Production,Tungsten 2.8%,"ps1=ps2=30000, ps3=ps4=15000, ps5=1500, ps6=1, ps7=ps8=0,I=30uA",0.02049,3011875,4249.14,2221.37,34.4087,1000.00,1000.00
4550,2019-03-02T23:25:39,Production,Tungsten 2.8%,"ps1=ps2=30000, ps3=ps4=15000, ps5=1500, ps6=1, ps7=ps8=0,I=30uA",0.02812,3003731,3085.14,2221.56,0.0560136,1000.00,1000.00
4549,2019-03-02T22:33:16,Production,Tungsten 2.8%,"ps1=ps2=30000, ps3=ps4=15000, ps5=1500, ps6=1, ps7=ps8=0,I=30uA",0.03125,3004027,2761.08,2221.35,34.1569,1000.00,1000.00
4548,2019-03-02T21:46:10,Production,Tungsten 2.8%,"ps1=ps2=30000, ps3=ps4=15000, ps5=1500, ps6=1, ps7=ps8=0,I=30uA",0.03558,3017838,2458.74,2221.33,34.3497,1000.00,1000.00
4547,2019-03-02T21:04:21,Production,Tungsten 2.8%,"ps1=ps2=30000, ps3=ps4=15000, ps5=1500, ps6=1, ps7=ps8=0,I=30uA",0.01619,3141766,5530.74,2221.3,34.2414,1000.00,1000.00
4546,2019-03-02T19:04:30,SciFi,HOME,"SciFi cosmics run with ps1=1 ps2=ps3=ps4=ps5=ps6=ps7=0, HV = 725V for SciFi, left SciFi",0.00056,5931,1320.60,2221.56,0.055822,1000.00,1000.00
4546,2019-03-02T18:47:15,SciFi,HOME,"SciFi cosmics run with ps1=1 ps2=ps3=ps4=ps5=ps6=ps7=0, HV = 725V for SciFi, left SciFi",0.00056,5931,337.86,2221.56,0.055913,1000.00,1000.00
4545,2019-03-02T17:33:53,SciFi,Tungsten 2.8%,"SciFi cosmics run with ps1=1 ps7=1, HV = 725V for SciFi, left SciFi",0.05008,199874,7798.14,2220.76,0.05579,1000.00,1000.00
4544,2019-03-02T14:44:44,SciFi,Tungsten 2.8%,"SciFi cosmics run with ps1=1 ps7=1, HV = 725V for SciFi, left SciFi",0.05295,127206,4682.28,2220.76,0.0557772,1000.00,1000.00
4543,2019-03-02T13:25:36,SciFi,Tungsten 2.8%,"SciFi cosmics run with ps1=1, HV = 725V for SciFi, left SciFi",0.00963,6419,1299.90,2220.76,0.0558302,1000.00,1000.00
4542,2019-03-02T12:52:41,SciFi,Tungsten 2.8%,"SciFi cosmics run with ps7=1, HV = 725V for SciFi, left SciFi",0.04577,36326,1547.04,2220.76,0.0557577,1000.00,1000.00
4541,2019-03-02T12:25:44,SciFi,Tungsten 2.8%,"SciFi cosmics run with ps7=1, HV = 725V for SciFi, left SciFi",0.04664,91135,3809.58,2220.76,0.0556824,1000.00,1000.00
4540,2019-03-02T11:20:01,SciFi,Tungsten 2.8%,"SciFi cosmics run with ps7=1, adjusted latency for ps7 trigger, HV = 725V for SciFi",0.05074,88295,3610.74,2220.76,0.055752,1000.00,1000.00
4539,2019-03-02T10:02:23,SciFi,Tungsten 2.8%,"SciFi cosmics run with ps7=1, adjusted latency for ps7 trigger, HV = 725V for SciFi",0.05230,81395,3229.08,2220.76,0.0557971,1000.00,1000.00
4538,2019-03-02T09:04:28,Cosmics,Tungsten 2.8%,"ps1=ps4=1,ps2=ps3=ps5=ps6=ps7=ps8=0, config=APEX, cosmic",0.00040,58474,5837.28,2220.76,0.0557558,1000.00,1000.00
4537,2019-03-02T07:25:37,Cosmics,Tungsten 2.8%,"ps1=ps4=1,ps2=ps3=ps5=ps6=ps7=ps8=0, config=APEX, cosmic",0.00049,76775,15453.60,2220.76,0.0558254,1000.00,1000.00
4536,2019-03-02T03:01:46,Production,Tungsten 2.8%,"ps1=ps2=30000,ps3=ps4=15000,ps5=1500,ps6=1,ps7=ps8=0, config=APEX, I=30uA",0.00071,260312,18504.90,2220.76,0.0558472,1000.00,1000.00
4535,2019-03-01T21:52:46,Production,Tungsten 2.8%,"ps1=ps2=30000,ps3=ps4=15000,ps5=1500,ps6=1,ps7=ps8=0, config=APEX, I=30uA",0.03069,3028089,2867.76,2221.56,33.8676,1000.00,1000.00
4534,2019-03-01T21:03:36,Production,Tungsten 2.8%,"ps1=ps2=30000,ps3=ps4=15000,ps5=1500,ps6=1,ps7=ps8=0, config=APEX, I=30uA",0.03184,3013090,2754.60,2221.55,34.5936,1000.00,1000.00
4533,2019-03-01T20:16:32,Production,Tungsten 2.8%,"ps1=ps2=30000,ps3=ps4=15000,ps5=1500,ps6=1,ps7=ps8=0, config=APEX, I=30uA",0.02056,3004269,4295.10,2221.59,34.1003,1000.00,1000.00
4532,2019-03-01T19:04:02,Production,Tungsten 2.8%,"ps1=ps2=30000,ps3=ps4=15000,ps5=1500,ps6=1,ps7=ps8=0, config=APEX, I=30uA",0.03252,3005545,2692.80,2221.56,34.0471,1000.00,1000.00
4531,2019-03-01T18:18:03,Production,Tungsten 2.8%,"ps1=ps2=30000,ps3=ps4=15000,ps5=1500,ps6=1,ps7=ps8=0, config=APEX, I=30uA",0.03743,3031064,2444.28,2221.53,34.3214,1000.00,1000.00
4530,2019-03-01T17:36:25,Production,Tungsten 2.8%,"ps1=ps2=30000,ps3=ps4=15000,ps5=1500,ps6=1,ps7=ps8=0, config=APEX, I=30uA",0.03504,3014860,2509.80,2221.54,34.2222,1000.00,1000.00
4529,2019-03-01T16:53:37,Production,Tungsten 2.8%,"ps1=ps2=30000,ps3=ps4=15000,ps5=1500,ps6=1,ps7=ps8=0, config=APEX, I=30uA",0.03768,3186070,2501.88,2221.51,33.98,1000.00,1000.00
4528,2019-03-01T16:10:57,Production,Tungsten 2.8%,"ps1=ps2=30000,ps3=ps4=15000,ps5=1500,ps6=1,ps7=ps8=0, config=APEX, I=30uA",0.03259,3006046,2681.88,2221.55,34.6436,1000.00,1000.00
4527,2019-03-01T15:24:56,Production,Tungsten 2.8%,"ps1=ps2=30000,ps3=ps4=15000,ps5=1500,ps6=1,ps7=ps8=0, config=APEX, I=30uA",0.03626,3359821,2915.94,2221.52,34.082,1000.00,1000.00
4526,2019-03-01T14:35:18,Production,Tungsten 2.8%,"ps1=ps2=30000,ps3=ps4=15000,ps5=1500,ps6=1,ps7=ps8=0, config=APEX, I=30uA",0.04190,3112652,2118.66,2221.8,34.0309,1000.00,1000.00
4525,2019-03-01T13:58:39,Production,Tungsten 2.8%,"ps1=ps2=30000,ps3=ps4=15000,ps5=1500,ps6=1,ps7=ps8=0, config=APEX, I=30uA",0.03498,3326675,2814.36,2221.52,33.9764,1000.00,1000.00
4524,2019-03-01T13:10:26,Production,Tungsten 2.8%,"ps1=ps2=30000,ps3=ps4=15000,ps5=1500,ps6=1,ps7=ps8=0, config=APEX, I=30uA",0.03209,3087403,2810.46,2221.56,34.3054,1000.00,1000.00
4523,2019-03-01T12:22:24,Production,Tungsten 2.8%,"ps1=ps2=30000,ps3=ps4=15000,ps5=1500,ps6=1,ps7=ps8=0, config=APEX, I=30uA",0.03900,3003259,2331.18,2221.5,34.1453,1000.00,1000.00
4522,2019-03-01T11:43:02,Production,Tungsten 2.8%,"ps1=ps2=30000,ps3=ps4=15000,ps5=1500,ps6=1,ps7=ps8=0, config=APEX, I=30uA",0.03126,3121194,2912.04,2220.76,0.0558918,1000.00,1000.00
4521,2019-03-01T10:13:40,Production,Tungsten 2.8%,"ps1=ps2=30000,ps3=ps4=15000,ps5=1500,ps6=1,ps7=ps8=0, config=APEX, I=30uA",0.09491,248777,103.98,2220.76,0.0557374,1000.00,1000.00
4520,2019-03-01T10:10:44,Production,Tungsten 2.8%,"ps1=ps2=30000,ps3=ps4=15000,ps5=1500,ps6=1,ps7=ps8=0, config=APEX, I=30uA",0.09489,3006692,946.50,2221.73,53.3373,1000.00,1000.00
4519,2019-03-01T09:52:07,Production,Tungsten 2.8%,"ps1=ps2=30000,ps3=ps4=15000,ps5=1500,ps6=1,ps7=ps8=0, config=APEX, I=30uA",0.03359,3006485,2535.06,2221.83,53.1857,1000.00,1000.00
4518,2019-03-01T09:08:55,Production,Tungsten 2.8%,"ps1=ps2=30000,ps3=ps4=15000,ps5=1500,ps6=1,ps7=ps8=0, config=APEX, I=30uA",0.03053,2992627,2842.86,2221.5,33.9255,1000.00,1000.00
4517,2019-03-01T08:20:26,Production,Tungsten 2.8%,"ps1=ps2=30000,ps3=ps4=15000,ps5=1500,ps6=1,ps7=ps8=0, config=APEX, I=30uA",0.03613,3026020,2463.54,2221.53,34.0064,1000.00,1000.00
4516,2019-03-01T07:38:34,Production,Tungsten 2.8%,"ps1=ps2=30000,ps3=ps4=15000,ps5=1500,ps6=1,ps7=ps8=0, config=APEX, I=30uA",0.03811,3406685,2646.96,2220.76,0.0559494,1000.00,1000.00
4515,2019-03-01T06:53:06,Production,Tungsten 2.8%,"ps1=ps2=30000,ps3=ps4=15000,ps5=1500,ps6=1,ps7=ps8=0, config=APEX, I=30uA",0.03126,3117185,2961.72,2221.53,34.2744,1000.00,1000.00
4514,2019-03-01T06:02:45,Production,Tungsten 2.8%,"ps1=ps2=30000,ps3=ps4=15000,ps5=1500,ps6=1,ps7=ps8=0, config=APEX, I=30uA",0.03690,3036119,2429.10,2220.76,0.0561124,1000.00,1000.00
4513,2019-03-01T05:20:10,Production,Tungsten 2.8%,"ps1=ps2=30000,ps3=ps4=15000,ps5=1500,ps6=1,ps7=ps8=0, config=APEX, I=30uA",0.02520,3154204,3664.92,2221.54,34.0863,1000.00,1000.00
4511,2019-03-01T02:37:35,Production,Tungsten 2.8%,"ps1=ps2=30000,ps3=ps4=15000,ps5=1500,ps6=1,ps7=ps8=0, config=APEX, I=30uA",0.03660,3294409,2660.76,2221.53,34.3559,1000.00,1000.00
4510,2019-03-01T01:51:40,Production,Tungsten 2.8%,"ps1=ps2=30000,ps3=ps4=15000,ps5=1500,ps6=1,ps7=ps8=0, config=APEX, I=30uA",0.01476,3402078,6658.50,2221.51,34.48,1000.00,1000.00
4509,2019-02-28T23:59:39,Production,Tungsten 2.8%,"ps1=ps2=30000,ps3=ps4=15000,ps5=1500,ps6=1,ps7=ps8=0, config=APEX, I=30uA",0.02822,3003063,3140.64,2220.76,0.0560127,1000.00,1000.00
4508,2019-02-28T23:06:06,Production,Tungsten 2.8%,"ps1=ps2=30000,ps3=ps4=15000,ps5=1500,ps6=1,ps7=ps8=0, config=APEX, I=30uA",0.02456,3010271,3562.62,2221.49,33.9945,1000.00,1000.00
4507,2019-02-28T22:05:39,Production,Tungsten 2.8%,"ps1=ps2=30000,ps3=ps4=15000,ps5=1500,ps6=1,ps7=ps8=0, config=APEX, I=30uA",0.02797,3113123,3241.86,2221.51,34.0339,1000.00,1000.00
4506,2019-02-28T21:10:46,Production,Tungsten 2.8%,"ps1=ps2=30000,ps3=ps4=15000,ps5=1500,ps6=1,ps7=ps8=0, config=APEX, I=30uA",0.03239,3003333,2723.88,2221.54,34.3806,1000.00,1000.00
4505,2019-02-28T20:24:22,Production,Tungsten 2.8%,"ps1=ps2=30000,ps3=ps4=15000,ps5=1500,ps6=1,ps7=ps8=0, config=APEX, I=30uA",0.02926,3009211,3029.10,2220.76,0.0560565,1000.00,1000.00
4504,2019-02-28T19:32:47,Production,Tungsten 2.8%,"ps1=ps2=30000,ps3=ps4=15000,ps5=1500,ps6=1,ps7=ps8=0, config=APEX, I=30uA",0.03029,3006091,2896.26,2221.51,34.0646,1000.00,1000.00
4503,2019-02-28T18:43:27,Production,Tungsten 2.8%,"ps1=ps2=30000,ps3=ps4=15000,ps5=1500,ps6=1,ps7=ps8=0, config=APEX, I=30uA",0.03160,3005145,2751.30,2221.56,34.0253,1000.00,1000.00
4502,2019-02-28T17:55:54,Production,Tungsten 2.8%,"ps1=ps2=30000,ps3=ps4=15000,ps5=1500,ps6=1,ps7=ps8=0, config=APEX, I=30uA",0.03465,3172262,2672.58,2221.52,34.1952,1000.00,1000.00
4501,2019-02-28T17:10:29,Production,Tungsten 2.8%,"ps1=ps2=30000,ps3=ps4=15000,ps5=1500,ps6=1,ps7=ps8=0, config=APEX, I=30uA",0.03422,3046186,2654.82,2221.49,34.2487,1000.00,1000.00
4500,2019-02-28T16:24:48,Production,Tungsten 2.8%,"ps1=ps2=30000,ps3=ps4=15000,ps5=1500,ps6=1,ps7=ps8=0, config=APEX, I=30uA",0.03037,3004000,2898.24,2221.53,34.7842,1000.00,1000.00
4499,2019-02-28T15:34:11,Production,Tungsten 2.8%,"ps1=ps2=30000,ps3=ps4=15000,ps5=1500,ps6=1,ps7=ps8=0, config=APEX, I=50uA",0.03242,6031001,5436.18,2221.48,34.3309,1000.00,1000.00
4498,2019-02-28T14:01:59,Production,Tungsten 2.8%,"ps1=ps2=30000,ps3=ps4=15000,ps5=1500,ps6=1,ps7=ps8=0, config=APEX, I=50uA",0.03633,3003004,2418.78,2221.55,33.9323,1000.00,1000.00
4497,2019-02-28T13:20:37,Production,Tungsten 2.8%,"ps1=ps2=30000,ps3=ps4=15000,ps5=1500,ps6=1,ps7=ps8=0, config=APEX, I=50uA",0.02327,3091245,3829.32,2221.52,34.0121,1000.00,1000.00
4496,2019-02-28T12:15:38,Production,Tungsten 2.8%,"ps1=ps2=30000,ps3=ps4=15000,ps5=1500,ps6=1,ps7=ps8=0, config=APEX, I=50uA",0.03146,3003275,2789.10,2221.56,34.3781,1000.00,1000.00
4495,2019-02-28T11:28:05,Production,Tungsten 2.8%,"ps1=ps2=30000,ps3=ps4=15000,ps5=1500,ps6=1,ps7=ps8=0, config=APEX, I=50uA",0.03189,3002931,2796.30,2221.51,34.244,1000.00,1000.00
4483,2019-02-28T08:49:21,Production,Bogdan Wire,production 5 uA,0.01143,429744,2514.72,2220.76,0.0558718,1000.00,0.00
4482,2019-02-28T07:58:35,Production,Bogdan Wire,production 5 uA,0.00495,1009890,6021.00,2221.54,5.23733,1000.00,0.00
4481,2019-02-28T06:13:54,Production,Tungsten Wires,production 5 uA,0.00586,1005411,5035.08,2221.44,5.6683,1000.00,0.00
4480,2019-02-28T04:48:41,Production,Tungsten Wires,production 5 uA,0.00000,773,281.58,2221.56,5.36612,1000.00,0.00
4477,2019-02-28T01:59:26,Production,Tungsten 2.8%,Production 30 uA,0.00500,1489331,13763.10,2220.76,0.0562983,1000.00,0.00
4476,2019-02-27T22:05:59,Production,Tungsten 2.8%,Production 30 uA,0.02745,3004348,3128.58,2221.55,33.2254,1000.00,1000.00
4475,2019-02-27T21:11:43,Production,Tungsten 2.8%,Production 30 uA,0.03012,3009411,2898.72,2220.76,0.0561105,1000.00,1000.00
4474,2019-02-27T20:20:57,Production,Tungsten 2.8%,Production 30 uA,0.01865,3003732,4590.96,2221.56,33.9202,1000.00,1000.00
4473,2019-02-27T19:03:28,Production,Tungsten 2.8%,Production 50 uA,0.01676,3007750,5218.80,2221.53,33.7601,1000.00,1000.00
4473,2019-02-27T19:01:40,Production,Tungsten 2.8%,Production 30 uA,0.01676,3007750,5100.60,2221.53,5.69776,1000.00,1000.00
4472,2019-02-27T17:35:20,Other,Tungsten 2.8%,Test cosmics T4 50 uA,1.00000,163,28.62,2220.76,0.0559218,1000.00,1000.00
4471,2019-02-27T17:33:39,Production,Tungsten 2.8%,Production 50 uA,1.00000,2,26.46,2220.76,0.0557354,1000.00,1000.00
4470,2019-02-27T17:32:04,Production,Tungsten 2.8%,Production 50 uA,0.00000,58,548.10,2220.76,0.055593,1000.00,1000.00
4469,2019-02-27T17:21:23,Production,Tungsten 2.8%,Production 50 uA,0.00951,2953663,9715.08,2220.76,0.0559079,1000.00,1000.00
4468,2019-02-27T14:38:39,Production,Tungsten 2.8%,Production 50 uA,0.03240,3008841,2699.88,2221.45,46.3963,1000.00,1000.00
4467,2019-02-27T13:52:13,Production,Tungsten 2.8%,Production 50 uA,0.03900,3003869,2262.36,2221.36,33.8976,1000.00,1000.00
4466,2019-02-27T13:13:39,Production,Tungsten 2.8%,Production 50 uA,0.07313,3307610,1313.22,2220.76,0.0558722,1000.00,1000.00
4465,2019-02-27T12:50:28,Production,Tungsten 2.8%,Production 50 uA,0.02676,3014916,3394.98,2221.46,52.9497,1000.00,1000.00
4464,2019-02-27T11:53:05,Production,Tungsten 2.8%,Production 50 uA,0.04062,3023594,2181.78,2221.4,53.0141,1000.00,1000.00
4463,2019-02-27T11:14:59,Production,Tungsten 2.8%,Production 50 uA,0.03360,3114087,2701.68,2221.42,53.2789,1000.00,1000.00
4462,2019-02-27T10:28:50,Production,Tungsten 2.8%,Production 50 uA,0.04076,3175516,2180.34,2221.41,52.7775,1000.00,1000.00
4461,2019-02-27T09:51:19,Production,Tungsten 2.8%,Production 50 uA,0.01413,3012338,5945.04,2221.4,53.1661,1000.00,1000.00
4460,2019-02-27T08:09:57,Production,Tungsten 2.8%,Production 50 uA,0.04715,3014502,1810.44,2221.42,53.5225,1000.00,1000.00
4459,2019-02-27T07:38:55,Production,Tungsten 2.8%,Production 50 uA,0.07756,3012165,1109.94,2222.01,52.8102,1000.00,1000.00
4458,2019-02-27T07:19:17,Production,Tungsten 2.8%,Production 50 uA,0.04040,3373016,2369.76,2221.4,52.8388,1000.00,1000.00
4457,2019-02-27T06:38:51,Production,Tungsten 2.8%,Production 50 uA,0.07396,3392315,1337.76,2221.47,52.5146,1000.00,1000.00
4456,2019-02-27T06:11:52,Production,Tungsten 2.8%,Production 50 uA,0.09010,3022403,985.08,2221.46,53.0582,1000.00,1000.00
4455,2019-02-27T05:54:12,Production,Tungsten 2.8%,Production 50 uA,0.08168,3411482,1254.00,2221.47,52.7986,1000.00,1000.00
4454,2019-02-27T05:32:19,Production,Tungsten 2.8%,Production 50 uA,0.08969,3086957,1009.44,2221.45,52.868,1000.00,1000.00
4453,2019-02-27T05:14:38,Production,Tungsten 2.8%,Production 50 uA,0.06376,3037364,1369.68,2221.41,52.2607,1000.00,1000.00
4452,2019-02-27T04:50:46,Production,Tungsten 2.8%,Production 50 uA,0.08408,3448656,2144.82,2220.76,0.0558703,1000.00,1000.00
4452,2019-02-27T04:34:45,Production,Tungsten 2.8%,Production 50 uA,0.08408,3448656,1226.82,2220.76,0.0557848,1000.00,1000.00
4451,2019-02-27T04:13:02,Production,Tungsten 2.8%,Production 50 uA,0.07475,3473444,1346.16,2221.44,53.6085,1000.00,1000.00
4450,2019-02-27T03:48:38,Production,Tungsten 2.8%,Production 50 uA,0.08701,2927828,973.14,2221.43,53.4355,1000.00,1000.00
4449,2019-02-27T03:21:51,Production,Tungsten 2.8%,Production 50 uA,0.07687,3527132,1346.52,2221.46,53.0066,1000.00,1000.00
4448,2019-02-27T02:58:09,Production,Tungsten 2.8%,Production 50 uA,0.07900,3007425,1090.80,2221.41,53.2416,1000.00,1000.00
4447,2019-02-27T02:38:35,Production,Tungsten 2.8%,Production 50 uA,0.08804,3013105,985.98,2221.44,53.3821,1000.00,1000.00
4446,2019-02-27T02:21:04,Production,Tungsten 2.8%,Production 50 uA,0.07415,3091697,1187.94,2221.32,53.4358,1000.00,1000.00
4445,2019-02-27T02:00:07,Production,Tungsten 2.8%,Production 50 uA,0.07389,3193740,1232.22,2221.37,53.1287,1000.00,1000.00
4444,2019-02-27T01:38:21,Production,Tungsten 2.8%,Production 50 uA,0.08777,3014104,991.92,2221.44,53.4151,1000.00,1000.00
4443,2019-02-27T01:15:00,Production,Tungsten 2.8%,Production 50 uA,0.07684,3302887,1232.88,2221.56,53.7086,1000.00,1000.00
4442,2019-02-27T00:52:55,Production,Tungsten 2.8%,Production 50 uA,0.08092,3491571,1260.18,2221.32,52.4605,1000.00,1000.00
4440,2019-02-26T23:58:24,Production,Tungsten 2.8%,Production 50 uA,0.08572,3012434,1031.28,2221.41,53.6271,1000.00,1000.00
4439,2019-02-26T23:40:04,Production,Tungsten 2.8%,Production 50 uA,0.06760,3014352,1311.24,2221.39,53.7628,1000.00,1000.00
4438,2019-02-26T23:17:18,Production,Tungsten 2.8%,Production 50 uA,0.09075,3014175,968.28,2221.44,53.533,1000.00,1000.00
4437,2019-02-26T22:59:50,Production,Tungsten 2.8%,Production 50 uA,0.08490,3010485,1028.70,2221.42,53.9984,1000.00,1000.00
4436,2019-02-26T22:41:36,Production,Tungsten 2.8%,Production 50 uA,0.08117,3012029,1062.90,2221.42,52.7841,1000.00,1000.00
4435,2019-02-26T22:22:33,Production,Tungsten 2.8%,Production 50 uA,0.07883,3007195,1111.32,2221.41,53.258,1000.00,1000.00
4434,2019-02-26T22:02:57,Production,Tungsten 2.8%,Production 50 uA,0.08581,3006565,1005.84,2221.39,53.2637,1000.00,1000.00
4433,2019-02-26T21:44:43,Production,Tungsten 2.8%,Production 50 uA,0.06095,3018035,1436.28,2221.39,53.4774,1000.00,1000.00
4432,2019-02-26T21:19:36,Production,Tungsten 2.8%,Production 50 uA,0.08608,3010079,1020.24,2221.36,53.6153,1000.00,1000.00
4431,2019-02-26T21:01:04,Production,Tungsten 2.8%,Production 50 uA,0.08461,3013358,1020.78,2221.38,52.6635,1000.00,1000.00
4430,2019-02-26T20:42:59,Production,Tungsten 2.8%,Production 50 uA,0.06918,3008925,1250.10,2221.37,53.7887,1000.00,1000.00
4429,2019-02-26T20:20:59,Production,Tungsten 2.8%,Production 50 uA,0.07629,3010219,1126.08,2221.38,53.9287,1000.00,1000.00
4428,2019-02-26T20:01:05,Production,Tungsten 2.8%,Production 50 uA,0.06902,3021168,1246.38,2221.36,52.9424,1000.00,1000.00
4427,2019-02-26T19:39:02,Production,Tungsten 2.8%,Production 50 uA,0.03802,3013392,2249.28,2221.41,53.8221,1000.00,1000.00
4426,2019-02-26T18:59:41,Production,Tungsten 2.8%,Production 50 uA,0.01053,3006783,14385.06,2222.41,54.2522,1000.00,1000.00
4425,2019-02-26T14:58:37,Production,Tungsten 2.8%,Production 50 uA,0.05332,3092228,1683.60,2220.76,0.0558674,1000.00,1000.00
4424,2019-02-26T14:29:02,Production,Tungsten 2.8%,Production 50 uA,0.07062,3134198,1299.30,2221.49,53.3746,1000.00,1000.00
4423,2019-02-26T14:03:11,Other,Tungsten 2.8%,APEX config all trigger,0.00417,195678,443.70,2221.38,53.3839,1000.00,1000.00
4422,2019-02-26T13:54:27,Other,Tungsten 2.8%,APEX config all trigger T1 to T7 no beam,1.00000,43093,28.20,2220.76,0.0557248,1000.00,1000.00
4421,2019-02-26T13:51:58,Other,Tungsten 2.8%,RHRSTwoArm switch,1.00000,43654,28.68,2220.76,0.0556609,1000.00,1000.00
4420,2019-02-26T13:49:36,Other,Tungsten 2.8%,Test APEX config during beam tuning,1.00000,77750,51.06,2220.76,0.0558045,1000.00,1000.00
4419,2019-02-26T13:47:39,Other,Tungsten 2.8%,Test APEX config during beam tuning,1.00000,27824,19.38,2220.76,0.0556243,1000.00,1000.00
4418,2019-02-26T13:46:03,Other,Tungsten 2.8%,Test APEX config during beam tuning,0.00000,15,148.74,2220.76,0.0556996,1000.00,1000.00
4417,2019-02-26T13:32:13,SciFi,Tungsten 2.8%,"SciFi cosmics, with ps7 = 1",0.09557,417350,3858.60,2221.43,1.18041,1000.00,1000.00
4416,2019-02-26T12:26:42,SciFi,Tungsten 2.8%,"SciFi cosmics, with ps7 = 1",0.01599,74608,630.48,2220.76,0.0558136,1000.00,1000.00
4415,2019-02-26T12:13:27,SciFi,Tungsten 2.8%,"SciFi cosmics, with ps7 = 1",0.00467,260647,1677.18,2220.76,0.0558384,1000.00,1000.00
4413,2019-02-26T10:56:09,Other,Tungsten 2.8%,BPM Ped icose10 forced gain,0.03001,133830,129.18,2220.76,0.055759,1000.00,1000.00
4412,2019-02-26T10:52:16,Other,Tungsten 2.8%,BPM Ped icose10 forced gain,0.00000,0,304.92,2220.76,0.0557332,1000.00,1000.00
4411,2019-02-26T10:46:19,Other,Tungsten 2.8%,BPM Ped icose10 forced gain,0.00000,0,90.96,2220.76,0.055789,1000.00,1000.00
4409,2019-02-26T10:30:38,Cosmics,Tungsten 2.8%,cosmics APEX config,0.00053,22320,1514.82,2220.76,0.0557639,1000.00,1000.00
4408,2019-02-26T08:27:59,Production,Tungsten 2.8%,"Production 50uA, Prescale T1=T2=30000, T3=T4=15000, T5=1 T6=1",0.06966,1450113,2198.34,2220.76,0.0558021,1000.00,1000.00
4407,2019-02-26T07:49:10,Production,Tungsten 2.8%,"Production 50uA, Prescale T1=T2=30000, T3=T4=15000, T5=1 T6=1",0.06756,3170536,1342.98,2221.4,52.8697,1000.00,1000.00
4406,2019-02-26T07:25:30,Production,Tungsten 2.8%,"Production 50uA, Prescale T1=T2=30000, T3=T4=15000, T5=1 T6=1",0.08484,3309420,1162.80,2221.4,52.5314,1000.00,1000.00
4405,2019-02-26T07:03:57,Production,Tungsten 2.8%,"Production 50uA, Prescale T1=T2=30000, T3=T4=15000, T5=1 T6=1",0.08030,3019255,1095.42,2221.36,53.0044,1000.00,1000.00
4404,2019-02-26T06:44:13,Production,Tungsten 2.8%,"Production 50uA, Prescale T1=T2=30000, T3=T4=15000, T5=1 T6=1",0.08558,3025459,1029.36,2221.39,51.9778,1000.00,1000.00
4403,2019-02-26T06:25:41,Production,Tungsten 2.8%,"Production 50uA, Prescale T1=T2=30000, T3=T4=15000, T5=1 T6=1",0.07978,3278942,1191.90,2221.42,53.2232,1000.00,1000.00
4402,2019-02-26T06:04:00,Production,Tungsten 2.8%,"Production 50uA, Prescale T1=T2=30000, T3=T4=15000, T5=1 T6=1",0.05601,3131668,1599.00,2221.37,52.9576,1000.00,1000.00
4401,2019-02-26T05:35:22,Production,Tungsten 2.8%,"Production 50uA, Prescale T1=T2=30000, T3=T4=15000, T5=1 T6=1",0.07451,3022452,1171.56,2221.3,53.3563,1000.00,1000.00
4400,2019-02-26T05:14:22,Production,Tungsten 2.8%,"Production 50uA, Prescale T1=T2=30000, T3=T4=15000, T5=1 T6=1",0.06723,3467933,1487.16,2221.44,53.1492,1000.00,1000.00
4399,2019-02-26T04:48:36,Production,Tungsten 2.8%,"Production 50uA, Prescale T1=T2=30000, T3=T4=15000, T5=1 T6=1",0.08441,3089855,1057.32,2221.78,52.6701,1000.00,1000.00
4398,2019-02-26T04:29:34,Production,Tungsten 2.8%,"Production 50uA, Prescale T1=T2=30000, T3=T4=15000, T5=1 T6=1",0.08941,3047155,1186.02,2221.41,53.31,1000.00,1000.00
4398,2019-02-26T04:27:40,Production,Tungsten 2.8%,"Production 50uA, Prescale T1=T2=30000, T3=T4=15000, T5=1 T6=1",0.08941,3047155,1075.86,2221.49,53.9092,1000.00,1000.00
4397,2019-02-26T04:08:14,Production,Tungsten 2.8%,"Production 50uA, Prescale T1=T2=30000, T3=T4=15000, T5=1 T6=1",0.06254,3440109,1561.08,2220.76,52.593,1000.00,1000.00
4396,2019-02-26T03:40:34,Production,Tungsten 2.8%,"Production 50uA, Prescale T1=T2=30000, T3=T4=15000, T5=1 T6=1",0.08650,3232668,1083.36,2221.36,52.5287,1000.00,1000.00
4394,2019-02-26T03:18:08,Production,Tungsten 2.8%,"Production 50uA, Prescale T1=T2=30000, T3=T4=15000, T5=1 T6=1",0.07532,3335649,1269.66,2221.41,52.7126,1000.00,1000.00
4393,2019-02-26T02:53:25,Production,Tungsten 2.8%,"Production 50uA, Prescale T1=T2=30000, T3=T4=15000, T5=1 T6=1",0.07075,3194067,1290.90,2221.46,52.8115,1000.00,1000.00
4392,2019-02-26T02:30:45,Production,Tungsten 2.8%,"Production 50uA, Prescale T1=T2=30000, T3=T4=15000, T5=1 T6=1",0.08055,3016823,1083.36,2221.45,53.6947,1000.00,1000.00
4391,2019-02-26T02:11:22,Production,Tungsten 2.8%,"Production 50uA, Prescale T1=T2=30000, T3=T4=15000, T5=1 T6=1",0.08239,3126879,1095.12,2221.44,53.2062,1000.00,1000.00
4390,2019-02-26T01:51:45,Production,Tungsten 2.8%,"Production 50uA, Prescale T1=T2=30000, T3=T4=15000, T5=1 T6=1",0.07431,3297216,1271.04,2221.42,53.2125,1000.00,1000.00
4389,2019-02-26T01:29:05,Production,Tungsten 2.8%,"Production 50uA, Prescale T1=T2=30000, T3=T4=15000, T5=1 T6=1",0.08912,3171683,1034.46,2220.76,0.0556144,1000.00,1000.00
4388,2019-02-26T01:10:42,Production,Tungsten 2.8%,"Production 50uA, Prescale T1=T2=30000, T3=T4=15000, T5=1 T6=1",0.09177,3174600,1006.80,2221.41,53.7478,1000.00,1000.00
4387,2019-02-26T00:52:13,Production,Tungsten 2.8%,"Production 50uA, Prescale T1=T2=30000, T3=T4=15000, T5=1 T6=1",0.08901,3048059,1038.12,2221.4,53.57,1000.00,1000.00
4386,2019-02-26T00:33:45,Production,Tungsten 2.8%,"Production 50uA, Prescale T1=T2=30000, T3=T4=15000, T5=1 T6=1",0.08348,3032345,1049.34,2221.45,53.6374,1000.00,1000.00
4385,2019-02-26T00:14:22,Production,Tungsten 2.8%,"Production 50uA, Prescale T1=T2=30000, T3=T4=15000, T5=1 T6=1",0.07044,3010971,1249.92,2220.76,0.0558306,1000.00,1000.00
4384,2019-02-25T23:52:19,Production,Tungsten 2.8%,"Production 50uA, Prescale T1=T2=30000, T3=T4=15000, T5=1 T6=1",0.07701,2868774,1068.54,2221.46,52.6833,1000.00,1000.00
4383,2019-02-25T23:31:58,Production,Tungsten 2.8%,"Production 50uA, Prescale T1=T2=30000, T3=T4=15000, T5=1 T6=1",0.06259,4797489,2235.96,2220.76,0.0558928,1000.00,1000.00
4382,2019-02-25T22:53:14,Production,Tungsten 2.8%,"Production 50uA, Prescale T1=T2=30000, T3=T4=15000, T5=1 T6=1",0.08891,2913286,959.94,2221.4,52.9893,1000.00,1000.00
4381,2019-02-25T22:33:35,Production,Tungsten 2.8%,"Production 50uA, Prescale T1=T2=30000, T3=T4=15000, T5=1 T6=1",0.08984,2931182,954.60,2221.35,52.9171,1000.00,1000.00
4380,2019-02-25T22:16:40,Production,Tungsten 2.8%,"Production 50uA, Prescale T1=T2=30000, T3=T4=15000, T5=1 T6=1",0.09171,4040974,1374.18,2221.41,53.2893,1000.00,1000.00
4380,2019-02-25T22:15:45,Production,Tungsten 2.8%,"Production 50uA, Prescale T1=T2=30000, T3=T4=15000, T5=1 T6=1",0.09171,4040974,1306.68,2221.44,53.5121,1000.00,1000.00
4379,2019-02-25T21:42:12,Production,Tungsten 2.8%,"Production 50uA, Prescale T1=T2=30000, T3=T4=15000, T5=1 T6=1",0.07726,2736810,1116.30,2221.42,53.6244,1000.00,1000.00
4379,2019-02-25T21:41:41,Production,Tungsten 2.8%,"Production 50uA, Prescale T1=T2=30000, T3=T4=15000, T5=1 T6=1",0.07726,2736810,1028.28,2221.42,53.5946,1000.00,1000.00
4378,2019-02-25T21:21:38,Production,Tungsten 2.8%,"Production 45uA, Prescale T1=T2=30000, T3=T4=15000, T5=1 T6=1",0.06888,3171984,1357.26,2220.76,0.0558365,1000.00,1000.00
4377,2019-02-25T20:57:40,Production,Tungsten 2.8%,"Production 45uA, Prescale T1=T2=30000, T3=T4=15000, T5=1 T6=1",0.07291,2963743,1189.02,2221.37,47.873,1000.00,1000.00
4376,2019-02-25T20:34:02,Production,Tungsten 2.8%,"Production 40uA, Prescale T1=T2=30000, T3=T4=15000, T5=1 T6=1",0.05546,2949539,1538.46,2221.41,47.3504,1000.00,1000.00
4375,2019-02-25T20:07:05,Production,Tungsten 2.8%,"Production 45uA, Prescale T1=T2=30000, T3=T4=15000, T5=1 T6=1",0.01914,3014581,4544.58,2220.76,45.4637,1000.00,1000.00
4374,2019-02-25T18:49:45,Production,Tungsten 2.8%,"Production 45uA, Prescale T1=T2=30000, T3=T4=15000, T5=1 T6=1",0.05258,3916943,2233.50,2221.43,43.0896,1000.00,1000.00
4373,2019-02-25T18:11:02,Production,Tungsten 2.8%,"Production 50uA, Prescale T1=T2=30000, T3=T4=15000, T5=1 T6=1",0.06039,3059989,1497.90,2221.39,47.4151,1000.00,1000.00
4372,2019-02-25T17:35:08,SciFi,Tungsten Wires,"cosmics SciFi, ps7=1, rest=0,",0.00426,184871,2076.36,2220.76,0.0557055,1000.00,1000.00
4371,2019-02-25T16:50:58,SciFi,Tungsten Wires,"cosmics SciFi, prescales off",0.01683,709503,1236.48,2220.76,0.0557378,1000.00,1000.00
4370,2019-02-25T16:28:50,Cosmics,Tungsten Wires,"cosmics SciFi, prescales off",1.00000,113,25.86,2220.76,0.0558145,1000.00,1000.00
4369,2019-02-25T16:22:54,Production,Tungsten 2.8%,"Tungsten 2.8%; RHRSTwoArm Config; 45uA; Prescales T1=T2=30000, T3=T4=15000, T5=1500, T6=1",0.04556,2282891,959.88,2220.76,0.0559886,1000.00,1000.00
4368,2019-02-25T16:04:22,Production,Tungsten 2.8%,"Tungsten 2.8%; RHRSTwoArm Config; 50uA; Prescales T1=T2=30000, T3=T4=15000, T5=1500, T6=1",0.04076,2509182,1080.12,2221.44,45.3427,1000.00,1000.00
4367,2019-02-25T15:31:42,SciFi,Tungsten 2.8%,"Cosmics test for SciFi, ps1 = ps2 = ps3 = ps4 = ps5 = ps6 = 1",0.00016,4095,999.96,2220.76,0.0556781,1000.00,1000.00
4366,2019-02-25T12:08:58,Production,Tungsten 2.8%,"Tungsten 2.8% target; RHRSTwoArm Config.; 40uA; Prescales T1=30000,T2=30000,T3=T4=15000,T5=100,T6=1; RHRS Singles Data",0.00000,10,89.34,2220.76,0.0558795,1000.00,0.00
4365,2019-02-25T12:05:53,Production,Tungsten 2.8%,"Tungsten 2.8% target; RHRSTwoArm Config.; 40uA; Prescales T1=30000,T2=30000,T3=T4=15000,T5=50,T6=1; RHRS Singles Data",1.00000,21185,39.48,2220.25,45.5749,1000.00,0.00
4364,2019-02-25T12:03:27,Production,Tungsten 2.8%,"Tungsten 2.8% target; RHRSTwoArm Config.; 40uA; Prescales T1=30000,T2=50,T3=T4=15000,T5=1500,T6=1; LHRS Singles Data",0.00636,152483,705.72,2220.24,45.2354,1000.00,0.00
4363,2019-02-25T04:17:47,Production,Tungsten 2.8%,"Tungsten 2.8% target; RHRSTwoArm Config.; 50uA; Prescales T1=T2=30000,T3=T4=15000,T5=1500,T6=1; Restored RQ2 Magnet and Production",0.02696,2607412,2914.08,2221.39,10.7146,1000.00,0.00
4362,2019-02-25T03:13:08,Production,Tungsten 2.8%,"Tungsten 2.8% target; RHRSTwoArm Config.; 50uA; Prescales T1=T2=30000,T3=T4=15000,T5=1500,T6=1; Restored RQ2 Magnet and Production",0.02605,3055298,3350.58,2220.76,0.0560296,1000.00,1000.00
4361,2019-02-25T02:16:32,Production,Tungsten 2.8%,"Tungsten 2.8% target; RHRSTwoArm Config.; 50uA; Prescales T1=T2=30000,T3=T4=15000,T5=1500,T6=1; Restored RQ2 Magnet and Production",0.06578,3143059,1414.14,2220.76,0.0558369,1000.00,1000.00
4360,2019-02-25T01:51:45,Production,Tungsten 2.8%,"Tungsten 2.8% target; RHRSTwoArm Config.; 50uA; Prescales T1=T2=30000,T3=T4=15000,T5=1500,T6=1; Restored RQ2 Magnet and Production",0.06603,3008102,1298.70,2220.76,0.055887,1000.00,1000.00
4359,2019-02-25T01:28:25,Production,Tungsten 2.8%,"Tungsten 2.8% target; RHRSTwoArm Config.; 50uA; Prescales T1=T2=30000,T3=T4=15000,T5=1500,T6=1; Restored RQ2 Magnet and Production",0.05201,3011836,1669.44,2221.4,52.6548,1000.00,1000.00
4358,2019-02-24T23:14:56,Cosmics,Tungsten 2.8%,"Cosmics run to check DAQ, ps1 = ps2 = ps3 = ps4 = ps5 =ps6 = 1",1.00000,423699,724.62,2220.76,0.055315,1000.00,1000.00
4354,2019-02-24T22:32:15,Junk,Tungsten 2.8%,"Tungsten 2.8% target; RHRSTwoArm Config.; 50 uA; Prescales T1= 30000, T2= 30000, T3= 15000, T4= 15000, T5= 1500, T6= 1",0.00895,1205046,4027.02,2220.76,0.0548941,1000.00,1000.00
4353,2019-02-24T20:31:55,SciFi,Bogdan Wire,"Bogdan target; RHRSTwoArm Config.; 0.1 uA; Prescales T1=1, else 0. SciFi being read in mode 10 and scifi hv changed to 700",0.00414,196214,1438.74,2220.76,0.0544277,1000.00,1000.00
4351,2019-02-24T20:03:07,SciFi,Bogdan Wire,"Bogdan target; RHRSTwoArm Config.; 0.1 uA; Prescales T2=1, else 0",0.00067,2986,161.04,2220.76,0.0544599,1000.00,1000.00
4350,2019-02-24T19:57:20,Production,Tungsten 2.8%,"Tungsten 2.8% target; RHRSTwoArm Config.; 0.1 uA; Prescales T2=1, else 0",0.00660,3756938,1205.40,2220.76,0.0545686,1000.00,1000.00
4349,2019-02-24T19:35:28,Production,Tungsten 2.8%,"Tungsten 2.8% target; RHRSTwoArm Config.; 50 uA; Prescales T1=T2=30000,T3=T4=15000,T5=1500,T6=1",1.00000,68264,9.66,2221.43,0.132688,1000.00,1000.00
4348,2019-02-24T19:33:13,Production,Tungsten 2.8%,"Tungsten 2.8% target; RHRSTwoArm Config.; 10 uA; Prescales T1=T2=30000,T3=T4=15000,T5=1500,T6=1",0.00586,46131,224.82,2220.76,0.0546191,1000.00,1000.00
4347,2019-02-24T18:22:36,Production,Tungsten 2.8%,"Tungsten 2.8% target; RHRSTwoArm Config.; 50 uA; Prescales T1=T2=30000,T3=T4=15000,T5=1500,T6=1",0.00324,658983,1407.00,2220.76,0.0548415,1000.00,1000.00
4346,2019-02-24T17:57:43,Production,Tungsten 2.8%,"Tungsten 2.8% target; RHRSTwoArm Config.; 50 uA; Prescales T1=T2=30000,T3=T4=15000,T5=1500,T6=1",0.09890,3210130,967.20,2221.32,52.1833,1000.00,1000.00
4345,2019-02-24T17:40:10,Production,Tungsten 2.8%,"Tungsten 2.8% target; RHRSTwoArm Config.; 50 uA; Prescales T1=T2=30000,T3=T4=15000,T5=1500,T6=1",0.00118,3106932,918.42,2221.38,52.6304,1000.00,1000.00
4344,2019-02-24T17:23:27,Production,Tungsten 2.8%,"Tungsten 2.8% target; RHRSTwoArm Config.; 50 uA; Prescales T1=T2=30000,T3=T4=15000,T5=1500,T6=1",0.04519,3155589,1959.84,2221.36,52.4323,1000.00,1000.00
4343,2019-02-24T16:49:42,Production,Tungsten 2.8%,"Tungsten 2.8% target; RHRSTwoArm Config.; 50 uA; Prescales T1=T2=30000,T3=T4=15000,T5=1500,T6=1",0.06654,3272852,1403.94,2221.39,53.2626,1000.00,1000.00
4342,2019-02-24T16:23:12,Production,Tungsten 2.8%,"Tungsten 2.8% target; RHRSTwoArm Config.; 50 uA; Prescales T1=T2=30000,T3=T4=15000,T5=1500,T6=1",0.09858,3107673,925.14,2221.36,52.6643,1000.00,1000.00
4341,2019-02-24T16:04:31,Production,Tungsten 2.8%,"Tungsten 2.8% target; RHRSTwoArm Config.; 50 uA; Prescales T1=T2=30000,T3=T4=15000,T5=1500,T6=1",0.08740,3001559,991.74,2221.51,52.9032,1000.00,1000.00
4340,2019-02-24T15:46:27,Production,Tungsten 2.8%,"Tungsten 2.8% target; RHRSTwoArm Config.; 50 uA; Prescales T1=T2=30000,T3=T4=15000,T5=1500,T6=1",0.00116,3020934,903.48,2221.4,52.236,1000.00,1000.00
4339,2019-02-24T15:30:00,Production,Tungsten 2.8%,"Tungsten 2.8% target; RHRSTwoArm Config.; 50 uA; Prescales T1=T2=30000,T3=T4=15000,T5=1500,T6=1",0.09109,3040195,982.20,2221.45,52.8765,1000.00,1000.00
4338,2019-02-24T15:12:25,Production,Tungsten 2.8%,"Tungsten 2.8% target; RHRSTwoArm Config.; 50 uA; Prescales T1=T2=30000,T3=T4=15000,T5=1500,T6=1",0.05243,3013795,1621.50,2221.38,53.0498,1000.00,1000.00
4337,2019-02-24T14:44:07,Production,Tungsten 2.8%,"Tungsten 2.8% target; RHRSTwoArm Config.; 50 uA; Prescales T1=T2=30000,T3=T4=15000,T5=1500,T6=1",0.08432,3017809,1021.08,2221.62,52.2034,1000.00,1000.00
4336,2019-02-24T14:26:01,Production,Tungsten 2.8%,"Tungsten 2.8% target; RHRSTwoArm Config.; 50 uA; Prescales T1=T2=30000,T3=T4=15000,T5=1500,T6=1",0.08643,3010245,1001.76,2221.41,53.2185,1000.00,1000.00
4335,2019-02-24T14:08:04,Production,Tungsten 2.8%,"Tungsten 2.8% target; RHRSTwoArm Config.; 50 uA; Prescales T1=T2=30000,T3=T4=15000,T5=1500,T6=1",0.07341,3072483,1187.16,2221.93,52.484,1000.00,1000.00
4334,2019-02-24T13:46:59,Production,Tungsten 2.8%,"Tungsten 2.8% target; RHRSTwoArm Config.; 50 uA; Prescales T1=T2=30000,T3=T4=15000,T5=1500,T6=1",0.08863,3009466,989.70,2221.45,52.5228,1000.00,1000.00
4333,2019-02-24T13:29:19,Production,Tungsten 2.8%,"Tungsten 2.8% target; RHRSTwoArm Config.; 50 uA; Prescales T1=T2=30000,T3=T4=15000,T5=1500,T6=1",0.07528,3023183,1151.34,2221.43,52.5959,1000.00,1000.00
4332,2019-02-24T13:09:01,Production,Tungsten 2.8%,"Tungsten 2.8% target; RHRSTwoArm Config.; 50 uA; Prescales T1=T2=30000,T3=T4=15000,T5=1500,T6=1",0.09808,3029545,892.98,2221.44,53.0956,1000.00,1000.00
4331,2019-02-24T12:52:26,Production,Tungsten 2.8%,"Tungsten 2.8% target; RHRSTwoArm Config.; 50 uA; Prescales T1=T2=30000,T3=T4=15000,T5=1500,T6=1",0.08948,3030062,967.92,2221.76,52.6121,1000.00,1000.00
4330,2019-02-24T12:35:03,Production,Tungsten 2.8%,"Tungsten 2.8% target; RHRSTwoArm Config.; 50 uA; Prescales T1=T2=30000,T3=T4=15000,T5=1500,T6=1",0.00047,3016000,869.34,2221.43,52.8394,1000.00,1000.00
4329,2019-02-24T12:19:25,Production,Tungsten 2.8%,"Tungsten 2.8% target; RHRSTwoArm Config.; 50 uA; Prescales T1=T2=30000,T3=T4=15000,T5=1500,T6=1",0.09338,3151297,968.76,2221.45,52.8406,1000.00,1000.00
4328,2019-02-24T12:02:04,Production,Tungsten 2.8%,"Tungsten 2.8% target; RHRSTwoArm Config.; 50 uA; Prescales T1=T2=30000,T3=T4=15000,T5=1500,T6=1",0.09671,3022302,900.30,2220.76,0.0558509,1000.00,1000.00
4327,2019-02-24T11:45:48,Production,Tungsten 2.8%,"Tungsten 2.8% target; RHRSTwoArm Config.; 50 uA; Prescales T1=T2=30000,T3=T4=15000,T5=1500,T6=1",0.08492,3014526,1024.14,2221.41,52.8162,1000.00,1000.00
4326,2019-02-24T11:28:17,Production,Tungsten 2.8%,"Tungsten 2.8% target; RHRSTwoArm Config.; 50 uA; Prescales T1=T2=30000,T3=T4=15000,T5=1500,T6=1",0.06189,3034165,1390.02,2221.37,52.6684,1000.00,1000.00
4325,2019-02-24T11:03:21,Production,Tungsten 2.8%,"Tungsten 2.8% target; RHRSTwoArm Config.; 45 uA; Prescales T1=T2=30000,T3=T4=15000,T5=1500,T6=1",0.05808,3020355,1511.94,2221.41,52.5085,1000.00,1000.00
4324,2019-02-24T10:30:34,Production,Tungsten 2.8%,"Tungsten 2.8% target; RHRSTwoArm Config.; 45 uA; Prescales T1=T2=30000,T3=T4=15000,T5=1500,T6=1",0.07698,746714,272.04,2221.43,47.1817,1000.00,1000.00
4323,2019-02-24T10:24:47,Production,Tungsten 2.8%,"Tungsten 2.8% target; RHRSTwoArm Config.; 45 uA; Prescales T1=T2=30000,T3=T4=15000,T5=1500,T6=1",0.08305,3019114,1057.38,2221.42,47.1852,1000.00,1000.00
4322,2019-02-24T10:05:36,Production,Tungsten 2.8%,"Tungsten 2.8% target; RHRSTwoArm Config.; 45 uA; Prescales T1=T2=30000,T3=T4=15000,T5=1500,T6=1",0.07901,3119989,1143.90,2221.45,47.1964,1000.00,1000.00
4321,2019-02-24T09:45:40,Production,Tungsten 2.8%,"Tungsten 2.8% target; RHRSTwoArm Config.; 45 uA; Prescales T1=T2=30000,T3=T4=15000,T5=1500,T6=1",0.07090,3214620,1321.20,2221.16,46.8909,1000.00,1000.00
4320,2019-02-24T09:20:25,Production,Tungsten 2.8%,"Tungsten 2.8% target; RHRSTwoArm Config.; 45 uA; Prescales T1=T2=30000,T3=T4=15000,T5=1500,T6=1",0.06244,3035652,1566.48,2221.45,47.0463,1000.00,1000.00
4319,2019-02-24T08:53:14,Production,Tungsten 2.8%,"Tungsten 2.8% target; RHRSTwoArm Config.; 45 uA; Prescales T1=T2=30000,T3=T4=15000,T5=1500,T6=1",0.07947,3012958,1122.90,2220.76,0.0558116,1000.00,1000.00
4318,2019-02-24T08:33:00,Production,Tungsten 2.8%,"Tungsten 2.8% target; RHRSTwoArm Config.; 45 uA; Prescales T1=T2=30000,T3=T4=15000,T5=1500,T6=1",0.08411,3012851,1044.18,2221.41,47.2723,1000.00,1000.00
4317,2019-02-24T08:14:30,Production,Tungsten 2.8%,"Tungsten 2.8% target; RHRSTwoArm Config.; 45 uA; Prescales T1=T2=30000,T3=T4=15000,T5=1500,T6=1",0.08122,3030930,1081.92,2221.39,47.3883,1000.00,1000.00
4316,2019-02-24T07:55:28,Production,Tungsten 2.8%,"Tungsten 2.8% target; RHRSTwoArm Config.; 45 uA; Prescales T1=T2=30000,T3=T4=15000,T5=1500,T6=1",0.04841,3017412,1820.40,2221.39,47.3319,1000.00,1000.00
4315,2019-02-24T07:24:11,Production,Tungsten 2.8%,"Tungsten 2.8% target; RHRSTwoArm Config.; 45 uA; Prescales T1=T2=30000,T3=T4=15000,T5=1500,T6=1",0.08481,3068061,1051.02,2221.41,46.9435,1000.00,1000.00
4314,2019-02-24T07:05:34,Production,Tungsten 2.8%,"Tungsten 2.8% target; RHRSTwoArm Config.; 45 uA; Prescales T1=T2=30000,T3=T4=15000,T5=1500,T6=1",0.07109,3007745,1404.84,2221.41,46.833,1000.00,1000.00
4313,2019-02-24T06:41:15,Production,Tungsten 2.8%,"Tungsten 2.8% target; RHRSTwoArm Config.; 45 uA; Prescales T1=T2=30000,T3=T4=15000,T5=1500,T6=1",0.08305,3026175,1062.36,2221.44,47.6808,1000.00,1000.00
4312,2019-02-24T06:22:14,Production,Tungsten 2.8%,"Tungsten 2.8% target; RHRSTwoArm Config.; 45 uA; Prescales T1=T2=30000,T3=T4=15000,T5=1500,T6=1",0.06062,3039775,1424.46,2221.33,47.3798,1000.00,1000.00
4311,2019-02-24T05:57:25,Production,Tungsten 2.8%,"Tungsten 2.8% target; RHRSTwoArm Config.; 45 uA; Prescales T1=T2=30000,T3=T4=15000,T5=1500,T6=1",0.07803,3158447,1158.60,2221.4,47.2523,1000.00,1000.00
4310,2019-02-24T05:37:05,Production,Tungsten 2.8%,"Tungsten 2.8% target; RHRSTwoArm Config.; 45 uA; Prescales T1=T2=30000,T3=T4=15000,T5=1500,T6=1",0.07914,3876205,1423.14,2221.38,47.2784,1000.00,1000.00
4309,2019-02-24T05:12:29,Production,Tungsten 2.8%,"Tungsten 2.8% target; RHRSTwoArm Config.; 45 uA; Prescales T1=T2=30000,T3=T4=15000,T5=1500,T6=1",0.08441,3010262,1040.46,2221.39,47.6297,1000.00,1000.00
4308,2019-02-24T04:54:04,Production,Tungsten 2.8%,"Tungsten 2.8% target; RHRSTwoArm Config.; 45 uA; Prescales T1=T2=30000,T3=T4=15000,T5=1500,T6=1",0.08085,3012476,1080.54,2221.39,47.1047,1000.00,1000.00
4307,2019-02-24T04:35:01,Production,Tungsten 2.8%,"Tungsten 2.8% target; RHRSTwoArm Config.; 45 uA; Prescales T1=T2=30000,T3=T4=15000,T5=1500,T6=1",0.06191,3073738,1426.44,2220.76,0.0556212,1000.00,1000.00
4306,2019-02-24T04:09:29,Production,Tungsten 2.8%,"Tungsten 2.8% target; RHRSTwoArm Config.; 45 uA; Prescales T1=T2=30000,T3=T4=15000,T5=1500,T6=1",0.04690,3106287,1858.26,2220.76,0.0557364,1000.00,1000.00
4305,2019-02-24T03:37:30,Production,Tungsten 2.8%,"Tungsten 2.8% target; RHRSTwoArm Config.; 45 uA; Prescales T1=T2=30000,T3=T4=15000,T5=1500,T6=1",0.05522,3013500,1539.84,2221.38,47.4248,1000.00,1000.00
4304,2019-02-24T03:10:38,Production,Tungsten 2.8%,"Tungsten 2.8% target; RHRSTwoArm Config.; 45 uA; Prescales T1=T2=30000,T3=T4=15000,T5=1500,T6=1",0.08484,3008713,1040.10,2220.76,0.0559328,1000.00,1000.00
4303,2019-02-24T02:52:08,Production,Tungsten 2.8%,"Tungsten 2.8% target; RHRSTwoArm Config.; 45 uA; Prescales T1=T2=30000,T3=T4=15000,T5=1500,T6=1",0.08295,3029580,1125.66,2220.76,0.055805,1000.00,1000.00
4302,2019-02-24T02:32:17,Production,Tungsten 2.8%,"Tungsten 2.8% target; RHRSTwoArm Config.; 45 uA; Prescales T1=T2=30000,T3=T4=15000,T5=1500,T6=1",0.07408,3012496,1164.84,2221.35,47.0113,1000.00,1000.00
4301,2019-02-24T02:11:54,Production,Tungsten 2.8%,"Tungsten 2.8% target; RHRSTwoArm Config.; 45 uA; Prescales T1=T2=30000,T3=T4=15000,T5=1500,T6=1",0.08919,3017861,1081.80,2221.44,47.3301,1000.00,1000.00
4300,2019-02-24T01:52:37,Production,Tungsten 2.8%,"Tungsten 2.8% target; RHRSTwoArm Config.; 45 uA; Prescales T1=T2=30000,T3=T4=15000,T5=1500,T6=1",0.08137,3012224,1063.56,2221.42,47.1683,1000.00,1000.00
4299,2019-02-24T01:33:58,Production,Tungsten 2.8%,"Tungsten 2.8% target; RHRSTwoArm Config.; 45 uA; Prescales T1=T2=30000,T3=T4=15000,T5=1500,T6=1",0.06936,3100719,1275.48,2221.36,47.5185,1000.00,1000.00
4298,2019-02-24T01:11:37,Production,Tungsten 2.8%,"Tungsten 2.8% target; RHRSTwoArm Config.; 45 uA; Prescales T1=T2=30000,T3=T4=15000,T5=1500,T6=1",0.07181,3010223,1200.42,2221.37,47.3457,1000.00,1000.00
4297,2019-02-24T00:49:59,Production,Tungsten 2.8%,"Tungsten 2.8% target; RHRSTwoArm Config.; 45 uA; Prescales T1=T2=30000,T3=T4=15000,T5=1500,T6=1",0.08890,3192230,1042.26,2221.38,46.6316,1000.00,1000.00
4296,2019-02-24T00:31:36,Production,Tungsten 2.8%,"Tungsten 2.8% target; RHRSTwoArm Config.; 45 uA; Prescales T1=T2=30000,T3=T4=15000,T5=1500,T6=1",0.06360,3214122,1439.94,2221.42,47.3841,1000.00,1000.00
4295,2019-02-24T00:05:48,Production,Tungsten 2.8%,"Tungsten 2.8% target; RHRSTwoArm Config.; 45 uA; Prescales T1=T2=30000,T3=T4=15000,T5=1500,T6=1",0.08306,3172216,1109.16,2221.4,47.3302,1000.00,1000.00
4294,2019-02-23T23:45:31,Production,Tungsten 2.8%,"Tungsten 2.8% target; RHRSTwoArm Config.; 50 uA; Prescales T1=T2=30000,T3=T4=15000,T5=1500,T6=1",0.07981,3040792,1107.18,2220.76,47.1769,1000.00,1000.00
4293,2019-02-23T23:25:58,Production,Tungsten 2.8%,"Tungsten 2.8% target; RHRSTwoArm Config.; 50 uA; Prescales T1=T2=30000,T3=T4=15000,T5=1500,T6=1",0.07179,3018500,1216.86,2221.38,47.4622,1000.00,1000.00
4292,2019-02-23T23:04:29,Production,Tungsten 2.8%,"Tungsten 2.8% target; RHRSTwoArm Config.; 50 uA; Prescales T1=T2=30000,T3=T4=15000,T5=1500,T6=1",0.06520,3024481,1398.72,2221.37,50.0194,1000.00,1000.00
4291,2019-02-23T22:34:24,Production,Tungsten 2.8%,Tungsten 2.8% target; RHRSTwoArm Config.; 40 uA,0.07150,1818927,748.92,2221.4,45.3658,1000.00,1000.00
4290,2019-02-23T22:20:45,Production,Tungsten 2.8%,Tungsten 2.8% target; RHRSTwoArm Config.; 40 uA,0.06979,3531165,1464.48,2221.37,45.5892,1000.00,1000.00
4289,2019-02-23T21:53:35,Production,Tungsten 2.8%,Tungsten 2.8% target; RHRSTwoArm Config.; 40 uA,0.04439,3197780,2060.22,2220.76,0.056132,1000.00,1000.00
4288,2019-02-23T21:17:55,Production,Tungsten 2.8%,Tungsten 2.8% target; RHRSTwoArm Config.; 40 uA,0.09264,56554,125.82,2220.76,0.0556265,1000.00,1000.00
4287,2019-02-23T21:06:58,SciFi,Bogdan Wire,"Bogdan Wire target; RHRSTwoArm Config. in RAW mode; 0.12 uA; T1=T4=1; HV S0 on, HV SciFI on, left in, HV = 725V",0.00326,51732,481.08,2221.4,0.162958,1000.00,1000.00
4286,2019-02-23T20:57:18,SciFi,Bogdan Wire,"Bogdan Wire target; RHRSTwoArm Config. in RAW mode; 0.12 uA; T1=T4=1; HV S0 on, HV SciFI on, left in",0.00334,56392,512.46,2221.41,0.162326,1000.00,1000.00
4285,2019-02-23T20:36:15,SciFi,Tungsten 2.8%,"Tungsten 2.8%; RHRSTwoArm Config. in RAW mode; 0.12 uA; T1=T4=0; HV S0 on, HV SciFI on",1.00000,142765,70.56,2220.76,0.0560381,1000.00,1000.00
4284,2019-02-23T20:36:07,SciFi,Tungsten 2.8%,"Tungsten 2.8%; RHRSTwoArm Config. in RAW mode; 0.12 uA; T1=T4=0; HV S0 on, HV SciFI off",1.00000,409951,76.86,2220.76,0.0559707,1000.00,1000.00
4282,2019-02-23T20:27:09,Production,Tungsten 2.8%,Tungsten 2.8%; RHRSTwoArm Config.; 40uA,0.00000,201,164.70,2221.43,0.565145,1000.00,1000.00
4281,2019-02-23T20:21:02,Production,Tungsten 2.8%,Tungsten 2.8%; RHRSTwoArm Config.; 40uA,0.06998,2494840,1026.78,2221.36,45.4501,1000.00,1000.00
4280,2019-02-23T20:02:13,Production,Tungsten 2.8%,Tungsten 2.8%; RHRSTwoArm Config.; 40uA,0.05766,3009100,1495.44,2221.39,45.5144,1000.00,1000.00
4279,2019-02-23T19:35:42,Production,Tungsten 2.8%,Tungsten 2.8%; RHRSTwoArm Config.; 40uA,0.06415,3175859,1417.32,2221.39,45.7963,1000.00,1000.00
4278,2019-02-23T19:10:43,Production,Tungsten 2.8%,Tungsten 2.8%; RHRSTwoArm Config.; 40uA,0.06625,3777410,1642.56,2221.41,46.0006,1000.00,1000.00
4277,2019-02-23T18:42:02,Production,Tungsten 2.8%,Tungsten 2.8%; RHRSTwoArm Config.; 40uA,0.06967,3169835,1314.90,2221.34,45.5576,1000.00,1000.00
4276,2019-02-23T18:19:05,Production,Tungsten 2.8%,Tungsten 2.8%; RHRSTwoArm Config.; 40uA,0.05265,3018081,1643.88,2221.4,45.169,1000.00,1000.00
4275,2019-02-23T17:50:32,Production,Tungsten 2.8%,Tungsten 2.8%; RHRSTwoArm Config.; 40uA,0.06450,2999632,1360.26,2220.76,0.0559278,1000.00,1000.00
4274,2019-02-23T17:26:44,Production,Tungsten 2.8%,Tungsten 2.8%; RHRSTwoArm Config.; 40uA,0.06607,3012737,1310.40,2221.4,45.1681,1000.00,1000.00
4273,2019-02-23T17:03:55,Production,Tungsten 2.8%,Tungsten 2.8%; RHRSTwoArm Config.; 40uA,0.06261,3013586,1397.22,2221.4,45.436,1000.00,1000.00
4272,2019-02-23T16:39:35,Production,Tungsten 2.8%,Tungsten 2.8%; RHRSTwoArm Config.; 40uA,0.06596,3008280,1422.84,2221.4,45.2627,1000.00,1000.00
4271,2019-02-23T16:14:11,Production,Tungsten 2.8%,Tungsten 2.8%; RHRSTwoArm Config.; 40uA,0.04679,3029549,1837.02,2221.37,45.5979,1000.00,1000.00
4270,2019-02-23T15:41:23,Production,Tungsten 2.8%,Tungsten 2.8%; RHRSTwoArm Config.; 40uA,0.05030,3010820,1703.76,2221.41,44.9119,1000.00,1000.00
4269,2019-02-23T15:11:38,Production,Tungsten 2.8%,Tungsten 2.8%; RHRSTwoArm Config.; 40uA,0.04256,3019165,2043.96,2221.39,45.7835,1000.00,1000.00
4268,2019-02-23T14:36:16,Production,Tungsten 2.8%,Tungsten 2.8%; RHRSTwoArm Config.; 40uA,0.05475,3012232,1564.44,2221.36,45.5491,1000.00,1000.00
4267,2019-02-23T14:09:13,Production,Tungsten 2.8%,Tungsten 2.8%; RHRSTwoArm Config.; 40uA,0.06529,3013661,1331.58,2221.38,45.492,1000.00,1000.00
4266,2019-02-23T13:45:54,Production,Tungsten 2.8%,Tungsten 2.8%; RHRSTwoArm Config.; 40uA,0.06769,3151242,1337.76,2221.37,45.6356,1000.00,1000.00
4265,2019-02-23T13:22:22,Production,Tungsten 2.8%,Tungsten 2.8%; RHRSTwoArm Config.; 40uA,0.07130,3231907,1353.12,2221.42,45.4578,1000.00,1000.00
4264,2019-02-23T12:58:47,Production,Tungsten 2.8%,Tungsten 2.8%; RHRSTwoArm Config.; 40uA,0.05691,3353528,1704.24,2221.43,46.109,1000.00,1000.00
4263,2019-02-23T12:29:01,Production,Tungsten 2.8%,Tungsten 2.8%; RHRSTwoArm Config.; 40uA,0.05615,3103233,1598.40,2221.42,45.4941,1000.00,1000.00
4262,2019-02-23T12:01:13,Production,Tungsten 2.8%,Tungsten 2.8%; RHRSTwoArm Config.; 40uA,0.06455,3041227,1358.04,2221.37,45.4424,1000.00,1000.00
4261,2019-02-23T11:37:27,Production,Tungsten 2.8%,Tungsten 2.8%; RHRSTwoArm Config.; 40uA,0.06440,3092684,1383.42,2221.39,45.6505,1000.00,1000.00
4260,2019-02-23T11:13:02,Production,Tungsten 2.8%,Tungsten 2.8%; RHRSTwoArm Config.; 40uA,0.06782,3064206,1309.68,2221.35,45.7961,1000.00,1000.00
4259,2019-02-23T10:49:53,Production,Tungsten 2.8%,Tungsten 2.8%; RHRSTwoArm Config.; 40uA,0.06857,3115602,1317.84,2221.38,45.8432,1000.00,1000.00
4258,2019-02-23T10:26:48,Production,Tungsten 2.8%,Tungsten 2.8%; RHRSTwoArm Config.; 40uA,0.05505,3007337,1568.10,2221.39,45.3622,1000.00,1000.00
4257,2019-02-23T09:59:46,Production,Tungsten 2.8%,Tungsten 2.8%; RHRSTwoArm Config.; 40uA,0.06420,3011860,1361.40,2221.31,45.5074,1000.00,1000.00
4256,2019-02-23T09:35:54,Production,Tungsten 2.8%,Tungsten 2.8%; RHRSTwoArm Config.; 40uA,0.05756,3067655,1535.70,2221.37,45.6959,1000.00,1000.00
4255,2019-02-23T09:09:10,Production,Tungsten 2.8%,Tungsten 2.8%; RHRSTwoArm Config.; 40uA,0.06487,3013837,1348.56,2221.37,45.2266,1000.00,1000.00
4254,2019-02-23T08:45:36,Production,Tungsten 2.8%,Tungsten 2.8%; RHRSTwoArm Config.; 40uA,0.07146,3007178,1231.20,2221.42,45.4182,1000.00,1000.00
4252,2019-02-23T07:49:45,Production,Tungsten 2.8%,Tungsten 2.8%; RHRSTwoArm Config.; 40uA,0.06595,3037428,1337.82,2221.38,45.3417,1000.00,1000.00
4251,2019-02-23T07:26:33,Production,Tungsten 2.8%,Tungsten 2.8%; RHRSTwoArm Config.; 40uA,0.06518,3005350,1344.06,2221.41,45.3993,1000.00,1000.00
4250,2019-02-23T07:03:01,Production,Tungsten 2.8%,Tungsten 2.8%; RHRSTwoArm Config.; 40uA,0.05545,3139064,1630.32,2221.38,44.9696,1000.00,1000.00
4249,2019-02-23T06:34:49,Production,Tungsten 2.8%,Tungsten 2.8%; RHRSTwoArm Config.; 40uA,0.06525,3015932,1338.00,2221.35,45.8838,1000.00,1000.00
4248,2019-02-23T06:11:19,Production,Tungsten 2.8%,Tungsten 2.8%; RHRSTwoArm Config.; 40uA,0.06335,3015057,1376.04,2221.38,45.168,1000.00,1000.00
4247,2019-02-23T05:47:17,Production,Tungsten 2.8%,Tungsten 2.8%; RHRSTwoArm Config.; 40uA,0.05778,3020846,1540.44,2221.39,45.3988,1000.00,1000.00
4246,2019-02-23T05:20:36,Production,Tungsten 2.8%,Tungsten 2.8%; RHRSTwoArm Config.; 40uA,0.05212,3009255,1668.84,2220.76,0.0557835,1000.00,1000.00
4245,2019-02-23T04:51:41,Production,Tungsten 2.8%,Tungsten 2.8%; RHRSTwoArm Config.; 40uA,0.05860,3012406,1480.32,2221.38,43.4609,1000.00,1000.00
4244,2019-02-23T04:25:51,Production,Tungsten 2.8%,Tungsten 2.8%; RHRSTwoArm Config.; 40uA,0.06776,3022955,1292.88,2220.76,0.0560938,1000.00,1000.00
4243,2019-02-23T04:03:06,Production,Tungsten 2.8%,Tungsten 2.8%; RHRSTwoArm Config.; 40uA,0.06632,3016059,1318.26,2221.41,45.3568,1000.00,1000.00
4242,2019-02-23T03:40:05,Production,Tungsten 2.8%,Tungsten 2.8%; RHRSTwoArm Config.; 40uA,0.07098,3015207,1239.00,2221.4,45.4088,1000.00,1000.00
4241,2019-02-23T03:18:17,Production,Tungsten 2.8%,Tungsten 2.8%; RHRSTwoArm Config.; 40uA,0.05351,3024725,1609.62,2221.36,45.3397,1000.00,1000.00
4240,2019-02-23T02:50:09,Production,Tungsten 2.8%,Tungsten 2.8%; RHRSTwoArm Config.; 40uA,0.04877,3018195,1782.78,2220.76,0.0561116,1000.00,1000.00
4239,2019-02-23T02:19:22,Production,Tungsten 2.8%,Tungsten 2.8%; RHRSTwoArm Config.; 40uA,0.06041,3027103,1433.22,2221.35,45.4711,1000.00,1000.00
4238,2019-02-23T01:54:15,Production,Tungsten 2.8%,Tungsten 2.8%; RHRSTwoArm Config.; 40uA,0.05282,3030350,1639.68,2220.76,0.0561419,1000.00,1000.00
4237,2019-02-23T01:25:50,Production,Tungsten 2.8%,Tungsten 2.8%; RHRSTwoArm Config.; 40uA,0.06562,3108305,1422.00,2221.24,45.6798,1000.00,1000.00
4236,2019-02-23T01:00:51,Production,Tungsten 2.8%,Tungsten 2.8%; RHRSTwoArm Config.; 40uA,0.05985,3072818,1484.16,2221.38,45.2495,1000.00,1000.00
4235,2019-02-23T00:34:42,Production,Tungsten 2.8%,Tungsten 2.8%; RHRSTwoArm Config.; 40uA,0.05764,3303398,1650.90,2221.36,45.015,1000.00,1000.00
4234,2019-02-23T00:05:18,Production,Tungsten 2.8%,Tungsten 2.8%; RHRSTwoArm Config.; 40uA,0.04902,3080658,1790.34,2221.38,45.5817,1000.00,1000.00
4233,2019-02-22T23:34:12,Production,Tungsten 2.8%,Tungsten 2.8%; RHRSTwoArm Config.; 40uA,0.06590,3030145,1324.80,2221.4,45.7063,1000.00,1000.00
4232,2019-02-22T23:11:02,Production,Tungsten 2.8%,Tungsten 2.8%; RHRSTwoArm Config.; 40uA,0.06871,3021431,1266.18,2220.76,0.0563621,1000.00,1000.00
4231,2019-02-22T22:49:02,Production,Tungsten 2.8%,Tungsten 2.8%; RHRSTwoArm Config.; 40uA,0.05209,3385256,1863.48,2220.76,0.056004,1000.00,1000.00
4230,2019-02-22T22:16:29,Production,Tungsten 2.8%,Tungsten 2.8%; RHRSTwoArm Config.; 40uA,0.04118,3595662,2476.32,2220.76,0.0558877,1000.00,1000.00
4229,2019-02-22T21:34:11,Production,Tungsten 2.8%,Tungsten 2.8%; RHRSTwoArm Config.; 40uA,0.06327,3403851,1614.54,2220.76,0.0557457,1000.00,1000.00
4228,2019-02-22T21:05:36,Production,Tungsten 2.8%,Tungsten 2.8%; RHRSTwoArm Config.; 40uA,0.05399,3032516,1600.08,2221.38,44.5626,1000.00,1000.00
4227,2019-02-22T20:37:38,Production,Tungsten 2.8%,Tungsten 2.8%; RHRSTwoArm Config.; 40uA,0.06948,3044129,1274.28,2221.38,45.4926,1000.00,1000.00
4226,2019-02-22T20:13:42,Production,Tungsten 2.8%,Tungsten 2.8%; RHRSTwoArm Config.; 40uA,0.04754,3694557,2230.86,2221.38,45.5755,1000.00,1000.00
4225,2019-02-22T19:35:41,Production,Tungsten 2.8%,Tungsten 2.8%; RHRSTwoArm Config.; 40uA,0.03601,2761075,2373.60,2220.76,0.0557953,1000.00,1000.00
4225,2019-02-22T19:34:43,Production,Tungsten 2.8%,Tungsten 2.8%; RHRSTwoArm Config.;,0.03601,2761075,2279.46,2220.76,0.0557645,1000.00,1000.00
4224,2019-02-22T18:51:38,Cosmics,Tungsten 2.8%,"APEX cosmics, RHRSTwoArm configuration",0.01605,1051762,1896.96,2220.76,0.0559071,1000.00,1000.00
4223,2019-02-22T18:17:50,Cosmics,HOME,"T8 = 10 clock run test,APEX",0.03211,545345,70.62,2220.76,0.0557117,1000.00,1000.00
4222,2019-02-22T18:14:36,Cosmics,HOME,"T8 = 10 clock run test, RHRSTwoArm",0.02816,527003,67.92,2220.76,0.055603,1000.00,1000.00
4221,2019-02-22T18:11:55,Cosmics,HOME,"T8 = 1000 clock run test, RHRSTwoArm",0.00316,17129,165.18,2220.76,0.0558218,1000.00,1000.00
4220,2019-02-22T17:33:08,Production,Tungsten 2.8%,Tungsten,0.06756,3115938,1459.08,2220.76,0.0564341,1000.00,1000.00
4219,2019-02-22T17:06:59,Production,Tungsten 2.8%,Tungsten,0.04432,3363326,2148.96,2221.36,45.4292,1000.00,1000.00
4218,2019-02-22T16:30:20,Production,Tungsten 2.8%,Tungsten,0.02420,3155313,3704.40,2221.42,0.0559082,1000.00,1000.00
4217,2019-02-22T15:26:54,Production,Tungsten 2.8%,Tungsten,0.04217,3343174,2295.42,2221.37,34.0197,1000.00,1000.00
4216,2019-02-22T14:47:13,Production,Tungsten 2.8%,Tungsten,0.05565,3352671,1749.42,2221.34,45.7339,1000.00,1000.00
4215,2019-02-22T14:15:36,Production,Tungsten 2.8%,Tungsten,0.05563,3625343,1860.12,2221.39,45.8934,1000.00,1000.00
4214,2019-02-22T13:43:35,Production,Tungsten 2.8%,Tungsten,0.06295,3096891,1436.70,2220.76,0.0560311,1000.00,1000.00
4213,2019-02-22T13:18:35,Production,Tungsten 2.8%,Tungsten,0.05677,3204410,1627.50,2221.36,45.9407,1000.00,1000.00
4212,2019-02-22T12:50:36,Production,Tungsten 2.8%,Tungsten,0.06207,3402530,1588.26,2221.36,45.1381,1000.00,1000.00
4211,2019-02-22T12:23:17,Production,Tungsten 2.8%,Tungsten,0.07042,3283981,1366.56,2221.41,25.9906,1000.00,1000.00
4210,2019-02-22T11:59:22,Production,Tungsten 2.8%,Tungsten,0.06193,3686505,1720.14,2221.37,45.2178,1000.00,1000.00
4209,2019-02-22T11:29:55,Production,Tungsten 2.8%,Tungsten,0.04345,3408991,2291.10,2221.39,45.8321,1000.00,1000.00
4208,2019-02-22T10:50:11,Production,Tungsten 2.8%,Tungsten,0.07166,4376263,1771.14,2221.63,45.1695,1000.00,1000.00
4207,2019-02-22T10:19:38,Production,Tungsten 2.8%,Tungsten,0.05794,5451647,2749.32,2221.6,44.8861,1000.00,1000.00
4206,2019-02-22T09:32:45,Production,Tungsten 2.8%,Tungsten,0.05881,5446890,2689.98,2221.37,41.0431,1000.00,1000.00
4205,2019-02-22T08:46:52,Production,Tungsten 2.8%,Tungsten,0.04902,4982573,2927.22,2221.39,41.4581,1000.00,1000.00
4204,2019-02-22T07:56:08,Production,Tungsten 2.8%,Tungsten,0.05452,3033398,1744.98,2221.35,41.166,1000.00,1000.00
4203,2019-02-22T07:26:05,Production,Tungsten 2.8%,Tungsten,0.05561,3248314,1712.10,2221.4,40.2008,1000.00,1000.00
4202,2019-02-22T06:56:28,Production,Tungsten 2.8%,Tungsten,0.05839,3021181,1495.32,2221.39,40.6388,1000.00,1000.00
4201,2019-02-22T06:29:39,Production,Tungsten 2.8%,Tungsten,0.03938,3126404,2259.12,2221.37,40.7917,1000.00,1000.00
4200,2019-02-22T05:50:17,Production,Tungsten 2.8%,Tungsten,0.05106,3047163,1711.02,2220.76,43.9547,1000.00,1000.00
4199,2019-02-22T05:21:03,Production,Tungsten 2.8%,Tungsten,0.04326,1848789,1248.36,2221.39,33.4225,1000.00,1000.00
4197,2019-02-22T04:57:49,Production,Tungsten 2.8%,Tungsten,0.02598,432036,569.10,2221.42,33.7539,1000.00,1000.00
4196,2019-02-22T04:46:55,Production,Tungsten 2.8%,Tungsten,0.05059,339941,217.68,2220.76,0.0560072,1000.00,1000.00
4195,2019-02-22T04:41:48,Production,Tungsten 2.8%,Tungsten,0.02305,193893,198.54,2221.36,33.8023,1000.00,1000.00
4194,2019-02-22T04:37:00,Production,Tungsten 2.8%,Tungsten,0.00030,13150,1765.02,2220.76,0.0558624,1000.00,1000.00
4193,2019-02-22T04:05:32,Production,Tungsten 2.8%,Tungsten,0.00221,24383,348.24,2221.4,5.11252,1000.00,1000.00
4192,2019-02-22T03:58:12,Production,Tungsten 2.8%,Tungsten,0.00000,3678,69.66,2221.39,5.35842,1000.00,1000.00
4191,2019-02-22T03:55:17,Production,Tungsten 2.8%,Tungsten,0.03532,1156014,994.92,2221.36,5.2636,1000.00,1000.00
4190,2019-02-22T03:37:11,Production,Tungsten 2.8%,Tungsten,0.04873,575352,368.22,2221.34,33.3854,1000.00,1000.00
4189,2019-02-22T03:29:03,Production,Tungsten 2.8%,Tungsten,0.04696,236361,152.10,2221.34,33.641,1000.00,1000.00
4188,2019-02-22T03:23:45,Production,Tungsten 2.8%,Tungsten,0.03363,861885,761.04,2221.37,33.8,1000.00,1000.00
4187,2019-02-22T03:09:27,Production,Tungsten 2.8%,Tungsten,0.04901,188100,131.40,2220.76,0.0560447,1000.00,1000.00
4186,2019-02-22T03:05:10,Production,Tungsten 2.8%,Tungsten,0.04894,185356,139.26,2220.76,0.0559638,1000.00,1000.00
4185,2019-02-22T03:01:36,Production,Tungsten 2.8%,Tungsten,0.02482,415931,469.50,2221.36,34.1933,1000.00,1000.00
4184,2019-02-22T02:51:00,Cosmics,Tungsten 2.8%,Tungsten,1.00000,291931,72.60,2221.5,3.34259,1000.00,1000.00
4183,2019-02-22T02:43:56,Production,Tungsten 2.8%,Tungsten,0.00032,3955,635.82,2220.76,0.0561223,1000.00,1000.00
4182,2019-02-22T02:29:12,Production,Tungsten 2.8%,Tungsten,0.00000,0,281.64,2220.76,0.0557606,1000.00,1000.00
4181,2019-02-22T01:48:09,Optics,Bogdan Wire,BW,0.04261,875402,593.58,2221.54,5.32824,1000.00,1000.00
4180,2019-02-22T01:34:33,Optics,Bogdan Wire,BW,0.01950,267458,383.64,2221.52,5.33082,1000.00,1000.00
4179,2019-02-22T01:12:56,Optics,Bogdan Wire,BW,0.08735,974738,370.38,2220.76,0.055827,1000.00,1000.00
4178,2019-02-22T00:58:53,Optics,Bogdan Wire,BW,0.00649,263416,1027.62,2221.5,5.32251,1000.00,1000.00
4177,2019-02-21T23:42:26,SciFi,Bogdan Wire,"V1, SciFi timing test taken with both SciFi in raw mode, T2 = 1",0.03476,520360,380.40,2220.76,0.0557547,0.00,1000.00
4176,2019-02-21T23:20:28,SciFi,Bogdan Wire,"V1, SciFi timing test taken with both SciFi in raw mode, T2 = 1",0.02973,127305,123.96,2221.43,0.574148,0.00,1000.00
4172,2019-02-21T21:20:17,Cosmics,HOME,", ps7=0, ps8=0, ps=1,ps2=10, ps3=100,ps4=1 ,ps5=1, ps6=1, config=RHRSTwoArm",0.00786,1297783,8488.08,2220.76,0.056007,0.00,1000.00
4171,2019-02-21T07:24:47,Cosmics,HOME,", ps7=0, ps8=0, ps=1,ps2=10, ps3=100,ps4=1 ,ps5=1, ps6=1",0.00515,699836,1.02,2220.76,0.0558166,0.00,0.00
4170,2019-02-20T23:15:30,Cosmics,HOME,", ps7=0, ps8=0, ps=1,ps2=10, ps3=100,ps4=1 ,ps5=1, ps6=1",0.00149,367601,13640.04,2220.76,0.0558052,0.00,0.00
4169,2019-02-20T18:45:23,Cosmics,HOME,", ps7=0, ps8=0, ps=1,ps2=10, ps3=100,ps4=1 ,ps5=1, ps6=1",0.00091,9708,370.50,2221.35,0.131199,0.00,0.00
4168,2019-02-20T18:10:38,Cosmics,HOME,", ps7=0, ps8=0, ps=1,ps2=1, ps3=1,ps4=1 ,ps5=1, ps6=1",0.01515,2888456,5532.18,2220.76,0.0558921,0.00,0.00
4166,2019-02-20T16:32:56,Cosmics,HOME,", ps7=0, ps8=0, ps=1,ps2=1, ps3=1,ps4=1 ,ps5=1, ps6=1",1.00000,615625,1176.24,2220.76,0.0558828,0.00,0.00
4165,2019-02-20T16:08:47,Cosmics,HOME,", ps7=0, ps8=0, ps=1,ps2=1, ps3=1,ps4=1 ,ps5=1, ps6=1",1.00000,12268,23.04,2220.76,0.0557749,0.00,0.00
4163,2019-02-20T14:01:45,Commission,HOME,"BCM Calibration, ps8=100",1.00000,695546,671.40,2220.76,0.0557078,0.00,0.00
4162,2019-02-20T05:03:18,Commission,HOME,"BCM Calibration, ps8=100",0.03041,5399756,5212.32,2220.76,0.0556271,0.00,0.00
4161,2019-02-20T00:03:35,Commission,HOME,"Test, ps8=100",0.03038,192491,185.82,2220.76,0.0553897,0.00,0.00
4160,2019-02-19T23:58:12,Cosmics,Bogdan Wire,Run,0.01386,1642664,18462.60,2220.76,0.0554867,0.00,0.00
4159,2019-02-19T10:56:32,Cosmics,Bogdan Wire,Run,0.00273,12507,141.00,2220.76,0.0556622,0.00,0.00
4158,2019-02-19T10:46:35,Cosmics,Bogdan Wire,Run,0.00273,95594,1080.30,2220.76,0.0557575,0.00,0.00
4157,2019-02-19T09:36:23,Cosmics,Bogdan Wire,Run,0.02554,4408702,7985.70,2220.76,0.055729,0.00,0.00
4156,2019-02-18T19:40:48,Cosmics,Bogdan Wire,Run,1.00000,153945,38.04,2220.76,0.0558767,0.00,0.00
4155,2019-02-18T19:38:32,Cosmics,Bogdan Wire,Run,0.06480,391149,189.48,2220.76,0.0558748,0.00,0.00
4154,2019-02-18T19:35:08,Cosmics,Bogdan Wire,Run,1.00000,63371,31.80,2220.76,0.055847,0.00,0.00
4152,2019-02-18T18:35:31,Cosmics,Bogdan Wire,"RHRSTwoArm config T1 and T4 only, test of adjusting SciFi related parameters",0.00000,1552,158.64,2220.76,0.0559409,0.00,0.00
4151,2019-02-18T18:18:23,Cosmics,Bogdan Wire,"RHRSTwoArm config T1 and T4 only, test of adjusting SciFi related parameters",0.00000,1187,120.60,2220.76,0.0559741,0.00,0.00
4150,2019-02-18T17:58:59,Cosmics,Bogdan Wire,"RHRSTwoArm config T1 and T4 only, test of adjusting SciFi related parameters",0.00037,2846,288.90,2220.76,0.0558866,0.00,0.00
4149,2019-02-18T17:29:53,Cosmics,Bogdan Wire,"RHRSTwoArm config T1 and T4 only, test of adjusting SciFi related parameters",0.00037,5246,538.80,2220.76,0.0559837,0.00,0.00
4148,2019-02-18T17:10:11,Cosmics,Bogdan Wire,RHRSTwoArm config T1 and T4 only,0.00039,25768,2612.94,2220.76,0.0558319,0.00,0.00
4147,2019-02-18T16:24:12,Cosmics,Bogdan Wire,RHRSTwoArm config,0.00073,89734,4359.42,2220.76,0.0560019,0.00,0.00
4146,2019-02-18T15:10:30,Cosmics,Bogdan Wire,SciFi config,0.03690,4913,247.92,2220.76,0.0559539,0.00,0.00
4145,2019-02-18T15:00:26,Cosmics,Bogdan Wire,SciFi config,0.03569,4103,207.84,2220.76,0.0559503,0.00,0.00
4144,2019-02-18T14:52:51,Cosmics,Bogdan Wire,RHRSTwoArm config,0.00072,30935,1525.32,2220.76,0.0559947,0.00,0.00
4143,2019-02-18T14:24:25,Cosmics,Bogdan Wire,RHRSTwoArm config,1.00000,4059,49.86,2220.76,0.0559498,0.00,0.00
4142,2019-02-18T13:48:30,Cosmics,Bogdan Wire,Test SciFi config,0.02964,64714,910.38,2220.76,0.0559624,0.00,0.00
4141,2019-02-18T12:05:30,Cosmics,Bogdan Wire,Cosmics,0.00000,5354,65.88,2220.76,0.0560612,0.00,0.00
4140,2019-02-18T11:58:56,Cosmics,Bogdan Wire,Cosmics,1.00000,3004,37.20,2220.76,0.0559492,0.00,0.00
4139,2019-02-18T11:53:32,Cosmics,Bogdan Wire,Cosmics,0.00256,25170,306.06,2220.76,0.0559856,0.00,0.00
4138,2019-02-18T11:21:57,Cosmics,Bogdan Wire,Cosmics,0.00260,22499,269.46,2220.76,0.0560612,0.00,0.00
4137,2019-02-18T11:10:39,Cosmics,Bogdan Wire,Cosmics,0.03101,30049,418.32,2220.76,0.0559404,0.00,0.00
4136,2019-02-18T11:01:09,Cosmics,Bogdan Wire,Cosmics,0.03486,3499,184.92,2220.76,0.0559788,0.00,0.00
4135,2019-02-18T10:52:15,Cosmics,Bogdan Wire,Cosmics,0.00068,15734,816.78,2220.76,0.0560267,0.00,0.00
4134,2019-02-18T10:34:53,Cosmics,Bogdan Wire,Cosmics,0.00070,17142,876.96,2220.76,0.0559392,0.00,0.00
4133,2019-02-18T10:15:01,Cosmics,Bogdan Wire,Cosmics,0.00545,384044,19634.16,2220.76,0.0559033,0.00,0.00
4132,2019-02-18T04:47:20,Cosmics,Bogdan Wire,Cosmics,0.00272,9741,106.56,2220.76,0.0560402,0.00,0.00
4131,2019-02-18T04:44:36,Cosmics,Bogdan Wire,Cosmics,0.00039,8317,830.16,2220.76,0.0561552,0.00,0.00
4130,2019-02-18T04:28:01,Cosmics,Bogdan Wire,Cosmics,0.00038,13464,1375.20,2220.76,0.0560939,0.00,0.00
4129,2019-02-18T04:04:11,Cosmics,Bogdan Wire,Cosmics,0.00000,2488,369.72,2220.76,0.0560657,0.00,0.00
4129,2019-02-18T04:01:58,Cosmics,Bogdan Wire,Cosmics,0.00000,2488,251.64,2220.76,0.0559481,0.00,0.00
4128,2019-02-17T22:30:22,Cosmics,Bogdan Wire,Cosmics,1.00000,93,8.88,2220.76,0.0561346,1000.00,1000.00
4125,2019-02-17T22:06:08,Cosmics,Bogdan Wire,Cosmics,0.00038,17298,1779.00,2220.76,0.0562886,1000.00,1000.00
4124,2019-02-17T21:34:33,Cosmics,Bogdan Wire,Cosmics,0.00038,26827,2750.10,2220.76,0.0561314,1000.00,1000.00
4123,2019-02-17T20:47:32,Cosmics,Bogdan Wire,Cosmics,0.00038,11794,1209.84,2220.76,0.0561448,0.00,1000.00
4122,2019-02-17T20:25:33,Cosmics,Bogdan Wire,Cosmics,0.00038,12159,1228.68,2220.76,0.0560943,0.00,1000.00
4121,2019-02-17T20:04:18,SciFi,Bogdan Wire,Cosmics,0.00024,28776,4957.26,2220.76,0.0561469,0.00,1000.00
4120,2019-02-17T17:18:10,SciFi,Bogdan Wire,"SciFi timing test, V1 wire target",0.07401,20031,160.80,2220.76,0.056234,1000.00,1000.00
4119,2019-02-17T16:48:44,SciFi,Bogdan Wire,"SciFi timing test, V1 wire target",0.03893,46306,121.62,2221.27,0.691719,1000.00,1000.00
4118,2019-02-17T16:16:41,Cosmics,Tungsten 2.8%,SciFi config test,0.01077,19520,73.56,2220.76,0.0561509,1000.00,1000.00
4117,2019-02-17T16:09:02,Cosmics,Tungsten 2.8%,SciFi config test,1.00000,17,8.88,2220.76,0.0561847,1000.00,1000.00
4115,2019-02-17T15:18:01,Cosmics,Tungsten 2.8%,"RHRS trigger test, twoArmNoBUFF config, PS5=1",0.00000,1923,430.86,2220.76,0.0563271,1000.00,1000.00
4114,2019-02-17T15:09:49,Cosmics,Tungsten 2.8%,"RHRS trigger test, twoArmNoBUFF config, PS4=1",0.00000,961,216.96,2220.76,0.0562168,1000.00,1000.00
4113,2019-02-17T15:04:31,Cosmics,Tungsten 2.8%,"RHRS trigger test, APEX config, PS4=1",0.00000,1975,397.14,2220.76,0.0563472,1000.00,1000.00
4112,2019-02-17T14:56:51,Cosmics,Tungsten 2.8%,"RHRS trigger test, APEX config, PS3=1",1.00000,24321,52.26,2220.76,0.0562695,1000.00,1000.00
4111,2019-02-17T14:52:10,Cosmics,Tungsten 2.8%,LHRS only,0.05986,58312,847.86,2220.76,0.0562605,1000.00,1000.00
4110,2019-02-17T14:22:42,Cosmics,Tungsten 2.8%,LHRS only,0.00000,0,182.58,2220.76,0.0562004,1000.00,1000.00
4109,2019-02-17T14:01:19,Cosmics,Tungsten 2.8%,LHRS only,1.00000,2094,13.20,2220.76,0.0561967,1000.00,1000.00
4108,2019-02-17T13:58:36,Cosmics,Tungsten 2.8%,RHRS,1.00000,14855,27.66,2220.76,0.0562446,1000.00,1000.00
4107,2019-02-17T13:57:11,Cosmics,Tungsten 2.8%,RHRS,1.00000,0,59.52,2220.76,0.0560825,1000.00,1000.00
4106,2019-02-17T13:51:28,Cosmics,Tungsten 2.8%,TwoArmNoBuf,1.00000,2952,18.48,2220.76,0.0561543,1000.00,1000.00
4105,2019-02-17T13:49:04,Cosmics,Tungsten 2.8%,APEX config test,1.00000,2518,5.88,2220.76,0.0561573,1000.00,1000.00
4104,2019-02-17T13:44:13,Cosmics,Tungsten 2.8%,APEX config test,1.00000,6968,16.02,2221.36,0.198335,1000.00,1000.00
4103,2019-02-17T13:29:48,Cosmics,Tungsten 2.8%,SciFi config test,1.00000,10532,43.38,2220.76,0.0560496,1000.00,1000.00
4100,2019-02-17T13:23:34,Cosmics,Tungsten 2.8%,cosmics ROC1 pedestal subtraction off,0.00018,3583,816.96,2220.76,0.0560807,0.00,1000.00
4099,2019-02-17T13:07:20,Cosmics,Tungsten 2.8%,cosmics ROC1 pedestal subtraction off,0.00018,3575,804.78,2220.76,0.0560874,0.00,1000.00
4098,2019-02-17T12:52:50,Cosmics,Tungsten 2.8%,cosmics ROC1 pedestal subtraction off,0.00000,2045,431.04,2220.76,0.0557496,0.00,1000.00
4097,2019-02-17T12:44:33,Cosmics,Tungsten 2.8%,cosmics ROC1 pedestal subtraction off,1.00000,13428,33.00,2220.76,0.0562663,0.00,1000.00
4096,2019-02-17T12:42:32,Cosmics,Tungsten 2.8%,cosmics ROC1 pedestal subtraction off,0.00000,0,122.88,2220.76,0.0561296,0.00,1000.00
4095,2019-02-17T12:39:29,Cosmics,Tungsten 2.8%,cosmics ROC1 pedestal subtraction off,0.00019,10716,2448.66,2220.76,0.0561389,0.00,1000.00
4094,2019-02-17T11:57:29,Cosmics,Tungsten 2.8%,cosmics ROC1 pedestal subtraction off,0.00021,22211,4594.08,2220.76,0.055928,0.00,0.00
4093,2019-02-17T10:28:38,Cosmics,Tungsten 2.8%,cosmics ROC1 pedestal subtraction off,0.00021,8275,1677.18,2220.76,0.0560072,0.00,0.00
4092,2019-02-17T09:57:56,Cosmics,Tungsten 2.8%,cosmics ROC1 pedestal subtraction off,0.00021,2791,576.72,2220.76,0.0557766,0.00,0.00
4091,2019-02-17T09:47:29,Cosmics,Tungsten 2.8%,cosmics ROC1 pedestal subtraction off,0.00110,90330,2767.50,2220.76,0.0557835,0.00,0.00
4089,2019-02-17T08:56:45,Cosmics,Tungsten 2.8%,cosmics ROC1 pedestal subtraction off,0.00110,30087,930.66,2220.76,0.055972,0.00,0.00
4087,2019-02-17T07:52:18,Cosmics,Tungsten 2.8%,"cosmics running,pS1=30000,ps2=3,ps3=15000,ps4=3,ps5=1500,ps6=1,ps7",0.00102,207493,7080.54,2220.76,0.0560685,0.00,0.00
4086,2019-02-17T05:53:01,Cosmics,Tungsten 2.8%,"cosmics running,pS1=0,ps2=1,ps3=0.ps4=1,ps5=0,ps6=1,ps7",0.00271,208928,2381.58,2220.76,0.0558221,0.00,1000.00
4085,2019-02-17T05:11:37,Cosmics,Tungsten 2.8%,"cosmics running,pS1=30000,ps2=30000,ps3=15000.ps4=15000,ps5=1500,ps6=1,ps7",1.00000,1442,3.12,2220.76,0.0560032,0.00,1000.00
4084,2019-02-17T04:56:04,Cosmics,Tungsten 2.8%,"cosmics running,pS1=30000,ps2=30000,ps3=15000.ps4=15000,ps5=1500,ps6=1,ps7",0.00000,33,895.02,2220.76,0.0557651,0.00,1000.00
4083,2019-02-17T04:39:46,Production,Tungsten 2.8%,"production running,pS1=30000,ps2=30000,ps3=15000.ps4=15000,ps5=1500,ps6=1,ps7",0.01794,1336760,2263.74,2220.76,0.0560706,0.00,0.00
4082,2019-02-17T03:34:07,Production,Tungsten 2.8%,"production running,pS1=30000,ps2=30000,ps3=15000.ps4=15000,ps5=1500,ps6=1,ps7",0.02308,3006719,3696.60,2220.76,0.056314,1000.00,1000.00
4081,2019-02-17T02:31:50,Production,Tungsten 2.8%,"production running,pS1=30000,ps2=30000,ps3=15000.ps4=15000,ps5=1500,ps6=1,ps7",0.02703,3020604,3226.14,2221.42,34.2179,1000.00,1000.00
4080,2019-02-17T01:36:48,Production,Tungsten 2.8%,"production running,pS1=30000,ps2=30000,ps3=15000.ps4=15000,ps5=1500,ps6=1,ps7",0.02569,3048966,3404.22,2220.76,0.0562957,1000.00,1000.00
4079,2019-02-17T00:39:09,Production,Tungsten 2.8%,"production running,pS1=30000,ps2=30000,ps3=15000.ps4=15000,ps5=1500,ps6=1,ps7",0.03195,3049016,2749.20,2221.26,33.4695,1000.00,1000.00
4078,2019-02-16T23:52:29,Production,Tungsten 2.8%,"production running,pS1=30000,ps2=30000,ps3=15000.ps4=15000,ps5=1500,ps6=1,ps7",0.04038,3002037,2149.38,2221.27,34.1459,1000.00,1000.00
4077,2019-02-16T23:15:22,Production,Tungsten 2.8%,"production running,pS1=30000,ps2=30000,ps3=15000.ps4=15000,ps5=1500,ps6=1,ps7",0.03047,3085307,2903.88,2221.28,33.5855,1000.00,1000.00
4076,2019-02-16T22:25:58,Production,Tungsten 2.8%,"production running,pS1=30000,ps2=30000,ps3=15000.ps4=15000,ps5=1500,ps6=1,ps7",0.03666,3068064,2406.36,2221.3,33.7684,1000.00,1000.00
4075,2019-02-16T21:44:10,Production,Tungsten 2.8%,"production running,pS1=30000,ps2=30000,ps3=15000.ps4=15000,ps5=1500,ps6=1,ps7",0.02252,1734505,2200.38,2221.25,34.6273,1000.00,1000.00
4074,2019-02-16T21:05:59,Production,Tungsten 2.8%,"production running,pS1=30000,ps2=30000,ps3=15000.ps4=15000,ps5=1500,ps6=1,ps7",0.03876,3974969,2953.98,2221.25,10.8693,1000.00,1000.00
4073,2019-02-16T20:15:52,Production,Tungsten 2.8%,"production running,pS1=30000,ps2=30000,ps3=15000.ps4=15000,ps5=1500,ps6=1,ps7",0.03700,3203922,2494.68,2221.3,34.0384,1000.00,1000.00
4072,2019-02-16T18:40:20,Other,HOME,Bpm ped iocsee10 forced gain,1.00000,54776,52.86,2220.76,0.0561316,1000.00,1000.00
4071,2019-02-16T18:36:12,Other,HOME,Harp scan Repeat pos i,0.02995,142708,137.76,2220.76,0.0558404,1000.00,1000.00
4070,2019-02-16T18:27:45,Other,HOME,Harp scan pos 5,0.02997,333879,322.26,2221.38,5.45477,1000.00,1000.00
4069,2019-02-16T18:17:45,Other,HOME,Harp scan pos 4,0.02997,317148,1341.24,2220.76,0.0558402,1000.00,1000.00
4069,2019-02-16T17:57:05,Other,HOME,Harp scan pos 4,0.02997,317148,306.12,2221.44,5.38042,1000.00,1000.00
4068,2019-02-16T17:51:01,Other,HOME,Harp scan pos 4,0.02999,515084,497.22,2221.32,5.34454,1000.00,1000.00
4067,2019-02-16T17:35:51,Other,HOME,Harp scan pos 3,0.03002,223164,215.40,2220.76,0.0561159,1000.00,1000.00
4066,2019-02-16T17:24:29,Other,HOME,Harp scan pos 2,0.02994,266597,257.34,2222.47,5.39523,1000.00,1000.00
4065,2019-02-16T17:16:23,Other,HOME,Harp scan pos 1,0.02999,181813,175.50,2221.37,5.16942,1000.00,1000.00
4064,2019-02-16T17:01:07,SciFi,Tungsten 2.8%,Harp scan pos 1,1.00000,172256,166.26,2220.76,0.0563899,1000.00,1000.00
4063,2019-02-16T16:56:29,SciFi,Tungsten 2.8%,"Production, Tungsten target, raster size",0.00000,154,103.38,2221.28,1.18576,1000.00,1000.00
4061,2019-02-16T16:48:41,SciFi,Tungsten 2.8%,"Production, Tungsten target, raster size",0.02451,3032096,3518.58,2221.38,34.155,1000.00,1000.00
4062,2019-02-16T16:47:38,SciFi,Tungsten 2.8%,"Production, Tungsten target, raster size",0.03823,230971,165.84,2221.4,33.7951,1000.00,1000.00
4060,2019-02-16T14:42:31,SciFi,Tungsten 2.8%,"SciFi cosmics run, test of config",0.01687,101536,311.28,2220.76,0.0561659,1000.00,1000.00
4059,2019-02-16T14:33:19,Production,Tungsten 2.8%,raster size,0.04371,79712,129.36,2220.76,0.0558165,1000.00,1000.00
4058,2019-02-16T14:29:44,Production,Tungsten 2.8%,raster size,0.03918,1922507,1485.48,2220.76,0.0559414,1000.00,1000.00
4057,2019-02-16T14:02:29,Production,Tungsten 2.8%,raster size,0.03340,1008495,846.90,2221.11,34.4566,1000.00,1000.00
4056,2019-02-16T13:47:16,Production,Tungsten 2.8%,raster size,0.04001,1020407,756.36,2220.91,33.6841,1000.00,1000.00
4055,2019-02-16T13:33:37,Production,Tungsten 2.8%,raster size,0.03757,1005724,765.66,2221.27,34.217,1000.00,1000.00
4054,2019-02-16T13:19:52,Production,Tungsten 2.8%,raster size,0.05177,1013396,567.36,2221.19,34.0343,1000.00,1000.00
4053,2019-02-16T13:09:04,Production,Tungsten 2.8%,raster size,0.01662,1016661,1646.46,2221.29,33.9762,1000.00,1000.00
4052,2019-02-16T12:40:53,Production,Tungsten 2.8%,raster size,0.02753,1011376,1090.02,2221.42,33.8807,1000.00,1000.00
4051,2019-02-16T12:20:58,Production,Tungsten 2.8%,raster size,0.00751,103524,320.88,2221.44,16.9739,1000.00,1000.00
4050,2019-02-16T10:32:15,Production,Tungsten 2.8%,harp scan number 1,1.00000,1677,1.62,2221.37,1.47655,1000.00,1000.00
4049,2019-02-16T10:01:51,Production,Tungsten 2.8%,harp scan number 1,1.00000,45520,43.92,2220.76,0.0562681,1000.00,1000.00
4042,2019-02-16T03:52:26,Production,Tungsten 2.8%,"SciFi test, cosmics",0.01732,1097904,1785.48,2221.06,33.4148,1000.00,1000.00
4041,2019-02-16T03:17:25,Production,Tungsten 2.8%,"SciFi test, cosmics",0.03384,150243,309.48,2220.76,0.0561584,1000.00,1000.00
4040,2019-02-16T03:10:56,Production,Tungsten 2.8%,"SciFi test, cosmics",0.02392,1004335,1189.80,2221.32,33.5351,1000.00,1000.00
4039,2019-02-16T02:49:44,Production,Tungsten 2.8%,"SciFi test, cosmics",0.01615,1015433,1756.80,2221.4,33.7231,1000.00,1000.00
4038,2019-02-16T01:16:15,Cosmics,Tungsten 2.8%,"SciFi test, cosmics",0.00907,50952,189.48,2220.76,0.0558345,1000.00,1000.00
4037,2019-02-16T00:42:20,Cosmics,Tungsten 2.8%,"SciFi test, cosmics",0.00937,50973,189.00,2220.76,0.0559342,1000.00,1000.00
4036,2019-02-16T00:34:04,Cosmics,Tungsten 2.8%,"SciFi test, cosmics",1.00000,13,124.92,2220.76,0.0558604,1000.00,1000.00
4035,2019-02-16T00:00:17,Production,Tungsten 2.8%,"30 uA, ps6=1",0.01112,852719,2343.42,2220.76,0.0559102,1000.00,1000.00
4034,2019-02-15T23:19:17,Production,Tungsten 2.8%,"20 uA, ps6=1",0.01878,140171,256.20,2221.51,33.9824,1000.00,1000.00
4033,2019-02-15T23:13:19,Production,Tungsten 2.8%,"30 uA, ps6=1",0.01750,1013742,1650.60,2221.42,22.6511,1000.00,1000.00
4032,2019-02-15T22:44:41,Production,Tungsten 2.8%,"30 uA, ps6=1",0.01345,1015352,2137.50,2221.42,22.1886,1000.00,1000.00
4031,2019-02-15T22:07:57,Production,Tungsten 2.8%,"30 uA, ps6=1",0.02026,1010854,1480.74,2220.76,0.0561009,1000.00,1000.00
4030,2019-02-15T21:36:38,Production,Tungsten 2.8%,"30 uA, ps6=1",0.01253,1831260,4129.68,2221.38,33.5342,1000.00,1000.00
4029,2019-02-15T20:25:47,Production,Tungsten 2.8%,"30 uA, ps6=1",0.01531,1007415,1938.30,2221.75,3.77112,1000.00,1000.00
4028,2019-02-15T19:52:23,Production,Tungsten 2.8%,"30 uA, ps6=1",0.02319,1037929,1265.94,2221.4,33.2475,1000.00,1000.00
4027,2019-02-15T19:30:00,Production,Tungsten 2.8%,"30 uA, ps6=1",0.03479,1025454,889.14,2221.45,33.9838,1000.00,1000.00
4026,2019-02-15T19:14:01,Production,Tungsten 2.8%,"30 uA, ps6=1",0.03488,1037064,860.64,2221.39,33.7505,1000.00,1000.00
4025,2019-02-15T18:58:20,Production,Tungsten 2.8%,"30 uA, ps6=1",0.02823,1108408,1123.44,2221.33,34.0968,1000.00,1000.00
4024,2019-02-15T18:38:23,Production,Tungsten 2.8%,"30 uA, ps6=1",0.03422,1139061,1007.76,2221.39,34.1349,1000.00,1000.00
4023,2019-02-15T18:20:14,Production,Tungsten 2.8%,"30 uA, ps6=1",0.02365,1033941,1237.08,2221.22,33.8026,1000.00,1000.00
4022,2019-02-15T17:58:21,Production,Tungsten 2.8%,"30 uA, ps6=1",0.02919,1074360,1053.60,2221.2,33.5088,1000.00,1000.00
4021,2019-02-15T17:38:11,Production,Tungsten 2.8%,"30 uA, ps6=1",0.02839,1377463,1478.64,2220.76,0.0560714,1000.00,1000.00
4020,2019-02-15T17:10:57,Production,Tungsten 2.8%,"30 uA, ps6=1",0.03041,1181457,1170.78,2220.94,33.622,1000.00,1000.00
4018,2019-02-15T16:50:15,Production,Tungsten 2.8%,"30 uA, ps6=1",0.03280,1665313,1509.60,2221.01,25.8053,1000.00,1000.00
4019,2019-02-15T16:50:11,Production,Tungsten 2.8%,"30 uA, ps6=1",0.03466,1007028,857.28,2221.03,19.2009,1000.00,1000.00
4017,2019-02-15T16:06:36,Production,Tungsten 2.8%,"30 uA, ps6=1",0.02053,1506211,2082.78,2220.88,34.0995,1000.00,1000.00
4016,2019-02-15T15:30:45,Production,Tungsten 2.8%,"30 uA, ps6=1",0.03013,1559256,1483.92,2221,33.7176,1000.00,1000.00
4015,2019-02-15T15:04:19,Production,Tungsten 2.8%,"30 uA, ps6=1",0.02966,2071570,2012.34,2220.71,33.0974,1000.00,1000.00
4014,2019-02-15T14:29:49,Production,Tungsten 2.8%,"30 uA, ps6=1",0.02367,1770107,2154.48,2221,34.0453,1000.00,1000.00
4013,2019-02-15T13:52:57,Production,Tungsten 2.8%,"30 uA, ps6=1",0.03365,1938154,1697.94,2221.53,33.4827,1000.00,1000.00
4012,2019-02-15T13:23:23,Production,Tungsten 2.8%,"30 uA, ps6=1",0.01735,1541329,2526.90,2221.75,33.9648,1000.00,1000.00
4011,2019-02-15T12:07:25,Cosmics,HOME,"Cosmics test of SciFi config, T1 = T4 = T7",0.01763,12305,1383.78,2220.76,0.0559959,1000.00,1000.00
4011,2019-02-15T12:05:36,Cosmics,HOME,"Cosmics test of SciFi config, T1 = T4 = T7",0.01763,12305,1273.86,2220.76,0.0559918,1000.00,1000.00
4010,2019-02-15T11:35:09,Cosmics,HOME,Cosmics test of SciFi config,1.00000,77,8.16,2220.76,0.0558194,1000.00,1000.00
4008,2019-02-15T11:26:39,Cosmics,HOME,Cosmics test of SciFi config,1.00000,77,7.26,2220.76,0.0559074,1000.00,1000.00
4007,2019-02-15T11:24:58,Cosmics,HOME,Cosmics test of SciFi config,1.00000,0,18.00,2220.76,0.0560342,1000.00,1000.00
4006,2019-02-15T11:22:06,Cosmics,HOME,Cosmics test of SciFi config,1.00000,0,32.88,2220.76,0.0559239,1000.00,1000.00
4004,2019-02-15T11:10:54,Cosmics,HOME,Cosmics test of SciFi config,1.00000,1,10.62,2220.76,0.0559745,1000.00,1000.00
4003,2019-02-15T11:07:24,Cosmics,HOME,Cosmics test of SciFi config,1.00000,1,9.00,2220.76,0.0557746,1000.00,1000.00
4002,2019-02-15T11:02:49,Cosmics,HOME,Cosmics test of SciFi config,1.00000,1,7.74,2220.76,0.0557657,1000.00,1000.00
4001,2019-02-15T10:57:38,Cosmics,HOME,Cosmics test of SciFi config,1.00000,5624,10.86,2220.76,0.0557717,1000.00,1000.00
4000,2019-02-15T10:54:33,Cosmics,HOME,Cosmics test of SciFi config,1.00000,1,6.96,2220.76,0.0559616,1000.00,1000.00
3999,2019-02-15T10:51:19,Cosmics,HOME,Cosmics test of SciFi config,0.00000,1,1315.68,2220.76,0.0559536,1000.00,1000.00
3998,2019-02-15T10:24:58,Cosmics,HOME,Cosmics test if SciFi config,0.00000,1,109.08,2220.76,0.0559757,1000.00,1000.00
3997,2019-02-15T09:18:20,Production,Tungsten 2.8%,Production 30 uA ps6=1,0.01646,923936,1750.80,2220.76,0.0559494,1000.00,1000.00
3997,2019-02-15T09:17:59,Production,Tungsten 2.8%,Production 30 uA ps6=1,0.01646,923936,1702.92,2220.76,0.055751,1000.00,1000.00
3996,2019-02-15T08:47:58,Production,Tungsten 2.8%,Production 30 uA ps6=1,0.02482,1405587,1614.12,2221.75,34.3051,1000.00,1000.00
3995,2019-02-15T08:19:46,Production,Tungsten 2.8%,Production 25 uA ps6=1,0.00720,372732,1350.48,2221.34,28.1583,1000.00,1000.00
3994,2019-02-15T07:56:08,Production,Tungsten 2.8%,Production 25 uA ps6=1,0.01826,1503093,2366.04,2221.36,28.327,1000.00,1000.00
3993,2019-02-15T07:15:33,Production,Tungsten 2.8%,Production 25 uA ps6=1,0.02154,1504510,2012.34,2221.34,28.6301,1000.00,1000.00
3992,2019-02-15T06:40:45,Production,Tungsten 2.8%,Production 25 uA ps6=1,1.00000,2,28.86,2220.76,0.0558452,1000.00,1000.00
3990,2019-02-15T05:45:57,Production,Tungsten 2.8%,Production 25 uA ps6=1,0.02275,1505188,1900.98,2220.76,0.0561094,1000.00,1000.00
3989,2019-02-15T05:13:18,Production,Tungsten 2.8%,Production 25 uA ps6=1,0.01718,1521966,2532.42,2221.36,28.251,1000.00,1000.00
3988,2019-02-15T04:29:35,Production,Tungsten 2.8%,Production 25 uA ps6=1,0.02217,1503400,1950.96,2221.39,28.2448,1000.00,1000.00
3987,2019-02-15T03:55:53,Production,Tungsten 2.8%,Production 25 uA ps6=1,0.02258,712357,901.56,2221.35,28.6327,1000.00,1000.00
3986,2019-02-15T03:39:30,Production,Tungsten 2.8%,Production 25 uA ps6=1,0.02174,1503022,1986.96,2221.41,28.4198,1000.00,1000.00
3985,2019-02-15T03:04:47,Production,Tungsten 2.8%,Production 25 uA ps6=1,0.02127,2030284,2750.04,2221.34,28.3042,1000.00,1000.00
3984,2019-02-15T02:17:51,Production,Tungsten 2.8%,Production 25 uA ps6=1,0.02291,1859740,2344.56,2221.31,28.2109,1000.00,1000.00
3983,2019-02-15T01:37:54,Production,Tungsten 2.8%,Production 25 uA ps6=1,0.01387,1669139,3546.42,2221.34,28.3786,1000.00,1000.00
3983,2019-02-15T01:35:37,Production,Tungsten 2.8%,Production 25 uA ps6=1,0.01387,1669139,3434.40,2221.26,28.1584,1000.00,1000.00
3982,2019-02-15T00:37:08,Production,Tungsten 2.8%,Production 25 uA ps6=1,0.01479,1534834,2978.04,2220.76,0.0558585,1000.00,1000.00
3981,2019-02-14T23:46:48,Production,Tungsten 2.8%,Production 25 uA ps6=1,0.01784,1530220,2531.52,2221.29,0.0560303,1000.00,1000.00
3980,2019-02-14T23:03:07,Production,Tungsten 2.8%,Production 25 uA ps6=1,0.02121,1524506,2064.12,2221.33,27.7283,1000.00,1000.00
3979,2019-02-14T22:27:58,Production,Tungsten 2.8%,Production 25 uA ps6=1,0.02197,1060950,1386.18,2221.38,28.1484,1000.00,1000.00
3978,2019-02-14T22:02:23,junk,Tungsten 2.8%,Production 20 uA ps6=1,0.00407,39322,461.22,2220.76,0.0557119,1000.00,1000.00
3977,2019-02-14T21:53:14,Production,Tungsten 2.8%,Production 20 uA ps6=1,0.01161,1169759,2888.58,2220.76,0.056035,1000.00,1000.00
3974,2019-02-14T19:51:29,Production,Tungsten 2.8%,Production 20 uA ps6=1,0.01649,1024409,1790.34,2222.36,22.4795,1000.00,1000.00
3973,2019-02-14T19:18:03,Production,Tungsten 2.8%,Production 15 uA ps6=1,0.01056,452260,1373.28,2222.11,17.5804,1000.00,1000.00
3972,2019-02-14T18:51:31,Other,Tungsten 2.8%,Timing check raw mode,0.00461,81303,538.26,2222.1,10.959,1000.00,1000.00
3971,2019-02-14T18:41:32,Other,Tungsten 2.8%,Timing check raw mode,0.00761,156777,216.00,2222.14,10.9197,1000.00,1000.00
3970,2019-02-14T18:36:47,Other,Tungsten 2.8%,Timing check raw mode,0.04255,768783,180.24,2222.09,11.0705,1000.00,1000.00
3969,2019-02-14T18:32:41,Other,Tungsten 2.8%,Timing check raw mode,0.07206,867778,155.70,2222.06,11.113,1000.00,1000.00
3968,2019-02-14T18:28:59,Other,Tungsten 2.8%,Timing check raw mode,0.08273,785558,140.22,2222.01,11.0812,1000.00,1000.00
3967,2019-02-14T18:25:25,Other,Tungsten 2.8%,Timing check raw mode,0.00385,726727,197.76,2222,11.0826,1000.00,1000.00
3966,2019-02-14T18:20:27,Other,Tungsten 2.8%,Timing check raw mode,0.02119,96448,133.68,2222.02,11.0301,1000.00,1000.00
3965,2019-02-14T18:17:06,Other,Tungsten 2.8%,Timing check raw mode,0.00442,12153,81.78,2221.98,11.0781,1000.00,1000.00
3964,2019-02-14T18:13:29,Other,Tungsten 2.8%,Timing check raw mode,0.00451,35781,236.70,2221.98,11.061,1000.00,1000.00
3963,2019-02-14T18:08:08,Cosmics,Tungsten 2.8%,cosmics,0.00338,40225,338.70,2221.97,11.0373,1000.00,1000.00
3962,2019-02-14T17:53:59,Cosmics,Tungsten 2.8%,Cosmics APEX config,0.00038,44180,4533.00,2220.76,0.0557692,1000.00,1000.00
3961,2019-02-14T16:33:15,Cosmics,Tungsten 2.8%,Cosmics APEX config,0.00039,59252,6073.56,2220.76,0.055958,1000.00,1000.00
3960,2019-02-14T14:50:50,Cosmics,Tungsten 2.8%,Cosmics APEX config,0.00038,66625,6842.28,2220.76,0.0558824,1000.00,1000.00
3959,2019-02-14T12:54:21,Cosmics,Tungsten 2.8%,Cosmics APEX config,0.00038,5900,607.80,2220.76,0.0558258,1000.00,1000.00
3958,2019-02-14T12:42:33,Cosmics,Tungsten 2.8%,Cosmics APEX config,0.00037,3220,333.24,2220.76,0.0556751,1000.00,1000.00
3957,2019-02-14T12:32:35,Cosmics,Tungsten 2.8%,Cosmics,0.02253,7830,825.12,2220.76,0.05554,1000.00,1000.00
3956,2019-02-14T12:16:22,Cosmics,Tungsten 2.8%,Cosmics,0.02277,22101,2305.26,2220.76,0.0557076,1000.00,1000.00
3955,2019-02-14T11:35:51,Cosmics,Tungsten 2.8%,Cosmics,0.02253,11943,1261.80,2220.76,0.0557333,1000.00,1000.00
3954,2019-02-14T11:08:55,Cosmics,Tungsten 2.8%,Cosmics,0.00000,1116,121.80,2220.76,0.0559077,1000.00,1000.00
3953,2019-02-14T11:03:42,Cosmics,Tungsten 2.8%,Cosmics,1.00000,561,59.16,2220.76,0.0559278,1000.00,1000.00
3952,2019-02-14T10:57:24,Cosmics,Tungsten 2.8%,Cosmics,0.00000,836,172.08,2220.76,0.0556491,1000.00,1000.00
3950,2019-02-14T10:48:38,Cosmics,Tungsten 2.8%,Cosmics,1.00000,0,1.02,2220.76,0.0558181,1000.00,1000.00
3950,2019-02-14T10:46:41,Cosmics,Tungsten 2.8%,Cosmics,1.00000,98,20.64,2220.76,0.0557308,1000.00,1000.00
3949,2019-02-14T10:42:47,Cosmics,Tungsten 2.8%,Cosmics,1.00000,73,14.16,2220.76,0.0559375,1000.00,1000.00
3948,2019-02-14T10:40:56,Cosmics,Tungsten 2.8%,Cosmics,0.00000,1522,323.70,2220.76,0.0557767,1000.00,1000.00
3947,2019-02-14T10:34:31,Cosmics,Tungsten 2.8%,Cosmics,0.00000,1936,408.72,2220.76,0.0557878,1000.00,1000.00
3946,2019-02-14T10:26:29,Cosmics,Tungsten 2.8%,Cosmics,0.02200,3751,393.12,2220.76,0.0558199,1000.00,1000.00
3944,2019-02-14T10:13:38,Cosmics,Tungsten 2.8%,Cosmics,0.00020,4154,862.56,2220.76,0.0558143,1000.00,1000.00
3943,2019-02-14T09:57:13,Cosmics,Tungsten 2.8%,Cosmics,0.00021,2864,578.22,2220.76,0.0558371,1000.00,1000.00
3942,2019-02-14T09:46:17,Cosmics,Tungsten 2.8%,Cosmics,0.00039,9545,974.28,2220.76,0.055932,1000.00,1000.00
3941,2019-02-14T09:28:45,Cosmics,Tungsten 2.8%,Cosmics,1.00000,37234,3820.98,2220.76,0.0557991,1000.00,1000.00
3940,2019-02-14T08:23:46,Cosmics,Tungsten 2.8%,Cosmics,0.00038,17998,1857.06,2220.76,0.0558146,1000.00,1000.00
3939,2019-02-14T07:33:56,Production,Tungsten 2.8%,Production,0.01641,649056,1171.26,2220.76,0.0558124,1000.00,1000.00
3938,2019-02-14T07:09:39,Production,Tungsten 2.8%,Production,0.01314,544078,1176.78,2221.3,16.7288,1000.00,1000.00
3937,2019-02-14T06:49:09,Production,Tungsten 2.8%,Production,0.01401,467558,972.90,2221.07,17.1703,1000.00,1000.00
3936,2019-02-14T06:30:42,Production,Tungsten 2.8%,Production,0.01606,298365,730.14,2220.76,0.0558202,1000.00,1000.00
3935,2019-02-14T06:17:23,Production,Tungsten 2.8%,Production,0.01543,631609,1178.82,2221.27,17.0829,1000.00,1000.00
3934,2019-02-14T05:56:48,Production,Tungsten 2.8%,Production,0.01437,551958,1099.50,2221.2,16.6757,1000.00,1000.00
3933,2019-02-14T05:35:40,Production,Tungsten 2.8%,Production,0.01693,519128,891.72,2220.76,0.0558193,1000.00,1000.00
3932,2019-02-14T05:19:42,Production,Tungsten 2.8%,Production,0.01199,504170,1205.82,2221.28,0.0558851,1000.00,1000.00
3931,2019-02-14T04:58:33,Production,Tungsten 2.8%,Production,0.01756,493382,816.78,2221.52,3.56656,1000.00,1000.00
3930,2019-02-14T04:43:44,Production,Tungsten 2.8%,Production,0.01357,459060,960.42,2221.34,17.0302,1000.00,1000.00
3929,2019-02-14T04:17:06,Production,Tungsten 2.8%,Production,0.01327,339046,1109.22,2220.76,0.0558569,1000.00,1000.00
3928,2019-02-14T03:57:24,Production,Tungsten 2.8%,Production,0.02098,523329,696.36,2221.52,16.7607,1000.00,1000.00
3927,2019-02-14T03:43:30,Production,Tungsten 2.8%,Production,0.02744,457566,478.68,2221.29,22.5239,1000.00,1000.00
3926,2019-02-14T03:32:31,Production,Tungsten 2.8%,Production,0.01766,425433,695.82,2221.31,16.9255,1000.00,1000.00
3925,2019-02-14T03:18:15,Commission,Tungsten 2.8%,Test 10uA on tungsten,0.00945,223013,709.68,2221.35,11.178,1000.00,1000.00
3924,2019-02-14T03:04:10,Commission,Tungsten 2.8%,Test 5uA on tungsten,0.00233,93873,1262.70,2221.31,5.53076,1000.00,1000.00
3923,2019-02-14T02:41:19,Other,Tungsten 2.8%,junk,1.00000,8,88.74,2220.76,0.0558759,1000.00,1000.00
3922,2019-02-14T02:06:48,Cosmics,Tungsten 2.8%,APEX config,1.00000,315,32.58,2220.76,0.0557868,1000.00,1000.00
3921,2019-02-14T01:59:51,Cosmics,Tungsten 2.8%,APEX config,0.01084,500702,3582.72,2221.41,1.18744,1000.00,1000.00
3920,2019-02-14T00:57:50,Other,Tungsten 2.8%,APEX config,1.00000,196569,38.22,2220.76,0.0556476,1000.00,1000.00
3919,2019-02-14T00:56:15,Production,Tungsten 2.8%,APEX config,0.00000,1,2477.40,2220.76,0.0557018,1000.00,1000.00
3919,2019-02-14T00:24:21,Production,Tungsten 2.8%,APEX config,0.00000,1,549.18,2220.76,0.0558313,1000.00,1000.00
3918,2019-02-14T00:04:36,Production,Carbon 0.53%,APEX config,0.00070,42574,2190.00,2220.76,0.0559327,1000.00,1000.00
3917,2019-02-13T23:19:26,Other,Carbon 0.53%,RHRS timing,0.00134,6546,200.10,2220.97,0.0557693,1000.00,1000.00
3916,2019-02-13T23:13:34,Other,Carbon 0.53%,RHRS timing,0.00000,1,637.56,2220.76,0.0560358,1000.00,1000.00
3915,2019-02-13T22:58:30,Other,Carbon 0.53%,RHRS timing,0.04466,15438,996.54,2220.76,0.0558128,1000.00,1000.00
3914,2019-02-13T22:39:39,Other,Carbon 0.53%,RHRS timing,0.00102,22326,931.62,2220.76,0.0557563,1000.00,1000.00
3913,2019-02-13T22:23:03,Other,Carbon 0.53%,RHRS timing,0.00239,11029,144.54,2221.24,21.6724,1000.00,1000.00
3912,2019-02-13T22:18:32,Other,Carbon 0.53%,RHRS timing,0.05009,11211,173.82,2221.26,22.0056,1000.00,1000.00
3911,2019-02-13T22:14:40,Other,Carbon 0.53%,RHRS timing,0.07344,12228,352.92,2220.76,0.0557036,1000.00,1000.00
3910,2019-02-13T22:07:18,Other,Carbon 0.53%,RHRS timing,0.04891,16077,281.28,2220.76,0.0555988,1000.00,1000.00
3909,2019-02-13T22:01:21,Other,Carbon 0.53%,RHRS timing,0.01987,44473,846.24,0,22.0092,1000.00,1000.00
3908,2019-02-13T21:46:15,Other,Carbon 0.53%,RHRS timing,0.04727,12701,443.22,2220.76,0.0558592,1000.00,1000.00
3907,2019-02-13T21:37:07,Other,Carbon 0.53%,RHRS timing,0.03687,24487,409.44,2221.26,21.836,1000.00,1000.00
3906,2019-02-13T21:27:15,Other,Carbon 0.53%,RHRS timing,0.03920,46768,776.22,2221.26,21.7623,1000.00,1000.00
3905,2019-02-13T21:10:13,Other,Carbon 0.53%,RHRS timing,0.04712,14479,228.12,2221.26,22.079,1000.00,1000.00
3904,2019-02-13T21:05:03,Other,Carbon 0.53%,RHRS timing,1.00000,3338,51.18,2221.28,21.676,1000.00,1000.00
3903,2019-02-13T21:02:57,Other,Carbon 0.53%,RHRS timing,0.04894,19701,308.64,2221.27,22.1641,1000.00,1000.00
3902,2019-02-13T20:56:28,Other,Carbon 0.53%,RHRS timing,0.04943,11771,183.60,2220.76,0.0556923,1000.00,1000.00
3901,2019-02-13T20:51:55,Other,Carbon 0.53%,RHRS timing,0.04868,7840,122.82,2221.3,22.2564,1000.00,1000.00
3897,2019-02-13T20:32:07,Other,Carbon 0.53%,RHRS timing,0.00205,7135,97.92,2221.3,21.8179,1000.00,1000.00
3896,2019-02-13T20:28:24,Other,Carbon 0.53%,Test DAQ RHRS tritium rol,0.00082,15291,454.44,2221.28,22.1528,1000.00,1000.00
3895,2019-02-13T20:18:33,Other,Carbon 0.53%,Test DAQ RHRS tritium rol,0.00235,11824,156.66,2221.32,22.412,1000.00,1000.00
3894,2019-02-13T20:14:41,Other,Carbon 0.53%,Test DAQ RHRS,0.00040,9674,384.24,2221.31,22.0179,1000.00,1000.00
3893,2019-02-13T20:04:33,Other,Carbon 0.53%,Test DAQ RHRS,0.00232,11018,209.64,2220.76,0.0557799,1000.00,1000.00
3892,2019-02-13T19:59:27,Other,Carbon 0.53%,Test DAQ RHRS,0.00220,6412,130.44,2221.28,22.3811,1000.00,1000.00
3891,2019-02-13T19:49:14,Other,Carbon 0.53%,Test DAQ RHRS,0.02774,27377,486.36,2221.31,22.3682,1000.00,1000.00
3889,2019-02-13T19:37:41,Other,Carbon 0.53%,Test DAQ RHRS,0.03973,30019,495.18,2221.27,22.0332,1000.00,1000.00
3888,2019-02-13T19:21:55,Production,Carbon 0.53%,"20 muamp ps6 = 1 all others 0, production raster off",0.05910,17717,564.72,2221.28,21.9449,1000.00,1000.00
3888,2019-02-13T19:20:52,Production,Carbon 0.53%,"20 muamp ps6 = 1 all others 0, production raster off",0.05910,17717,501.42,2221.29,22.1845,1000.00,1000.00
3887,2019-02-13T19:09:28,Production,Carbon 0.53%,"20 muamp ps6 = 1 all others 0, production raster off",0.00134,12419,258.96,2220.76,0.0558728,1000.00,1000.00
3886,2019-02-13T19:01:31,Production,Carbon 0.53%,"20 muamp ps6 = 1 all others 0, production raster off",0.03507,9136,620.16,2220.76,0.0556631,1000.00,1000.00
3885,2019-02-13T18:48:54,Production,Carbon 0.53%,"20 muamp ps6 = 1 all others 0, production raster off",0.08343,56502,1647.72,2221.39,9.01849,1000.00,1000.00
3884,2019-02-13T18:20:23,Production,Carbon 0.53%,"20 muamp ps6 = 1 all others 0, production raster off",1.00000,11851,28.62,2221.47,19.6368,1000.00,1000.00
3883,2019-02-13T18:18:31,Production,Carbon 0.53%,"20 muamp ps6 = 1 all others 0, production raster off",1.00000,1308,3.18,2221.43,1.57083,1000.00,1000.00
3882,2019-02-13T18:17:25,Production,Carbon 0.53%,"20 muamp ps6 = 1 all others 0, production raster off",0.00000,46,531.48,2221.43,1.57306,1000.00,1000.00
3880,2019-02-13T17:43:08,Production,Carbon 0.53%,"20 muamp ps6 = 1 all others 0, production raster off",0.00456,17272,435.48,2220.76,0.0559809,1000.00,1000.00
3879,2019-02-13T17:32:28,Production,Carbon 0.53%,"20 muamp ps6 = 1 all others 0, production raster off",0.00240,55262,711.12,2221.6,22.9504,1000.00,1000.00
3878,2019-02-13T16:53:27,Production,Carbon 0.53%,"20 muamp ps6 = 1 all others 0, production raster off",0.00114,62322,1753.80,2221.53,22.7115,1000.00,1000.00
3877,2019-02-13T16:23:07,Production,Carbon 0.53%,"20 muamp ps6 = 1 all others 0, production raster off",0.00000,1369,190.38,2220.76,0.0558643,1000.00,1000.00
